SlNo,State_Code,State,District_Key,District,Confirmed,Active,Recovered,Deceased,Migrated_Other,Delta_Confirmed,Delta_Active,Delta_Recovered,Delta_Deceased,District_Notes,Last_Updated
0,AP,Andhra Pradesh,AP_Andhra Pradesh,Anantapur,177611,19,176487,1105,0,0,0,0,0,,2022-05-25 11:55:23.457728
1,AP,Andhra Pradesh,AP_Andhra Pradesh,Chittoor,272394,10,270384,2000,0,0,0,0,0,,2022-05-25 11:55:23.457728
2,AP,Andhra Pradesh,AP_Andhra Pradesh,East Godavari,316586,28,315260,1298,0,0,0,0,0,,2022-05-25 11:55:23.457728
3,AP,Andhra Pradesh,AP_Andhra Pradesh,Foreign Evacuees,0,0,0,0,0,0,0,0,0,,2022-05-25 11:55:23.457728
4,AP,Andhra Pradesh,AP_Andhra Pradesh,Guntur,203244,3,201964,1277,0,0,0,0,0,,2022-05-25 11:55:23.457728
5,AP,Andhra Pradesh,AP_Andhra Pradesh,Krishna,136896,9,135391,1496,0,0,0,0,0,,2022-05-25 11:55:23.457728
6,AP,Andhra Pradesh,AP_Andhra Pradesh,Kurnool,144244,0,143377,867,0,0,0,0,0,,2022-05-25 11:55:23.457728
7,AP,Andhra Pradesh,AP_Andhra Pradesh,Other Countries,434,0,434,0,0,0,0,0,0,,2022-05-25 11:55:23.457728
8,AP,Andhra Pradesh,AP_Andhra Pradesh,Other State,0,0,0,0,0,0,0,0,0,,2022-05-25 11:55:23.457728
9,AP,Andhra Pradesh,AP_Andhra Pradesh,Other States,2461,0,2461,0,0,0,0,0,0,,2022-05-25 11:55:23.457728
10,AP,Andhra Pradesh,AP_Andhra Pradesh,Prakasam,155937,1,154790,1146,0,0,0,0,0,,2022-05-25 11:55:23.457728
11,AP,Andhra Pradesh,AP_Andhra Pradesh,S.P.S. Nellore,164374,7,163277,1090,0,0,0,0,0,,2022-05-25 11:55:23.457728
12,AP,Andhra Pradesh,AP_Andhra Pradesh,Srikakulam,133952,8,133146,798,0,0,0,0,0,,2022-05-25 11:55:23.457728
13,AP,Andhra Pradesh,AP_Andhra Pradesh,Unknown,313,-61,373,1,0,6,-12,18,0,,2022-05-25 11:55:23.457728
14,AP,Andhra Pradesh,AP_Andhra Pradesh,Visakhapatnam,190938,6,189748,1184,0,0,0,0,0,,2022-05-25 11:55:23.457728
15,AP,Andhra Pradesh,AP_Andhra Pradesh,Vizianagaram,92241,3,91558,680,0,0,0,0,0,,2022-05-25 11:55:23.457728
16,AP,Andhra Pradesh,AP_Andhra Pradesh,West Godavari,193378,24,192217,1137,0,0,0,0,0,,2022-05-25 11:55:23.457728
17,AP,Andhra Pradesh,AP_Andhra Pradesh,Y.S.R. Kadapa,134888,1,134235,652,0,0,0,0,0,,2022-05-25 11:55:23.457728
18,AR,Arunachal Pradesh,AR_Arunachal Pradesh,Anjaw,1139,0,1136,3,0,0,0,0,0,,2022-05-24 21:55:32.274661
19,AR,Arunachal Pradesh,AR_Arunachal Pradesh,Changlang,4256,0,4234,22,0,0,0,0,0,,2022-05-24 21:55:32.274661
20,AR,Arunachal Pradesh,AR_Arunachal Pradesh,East Kameng,1215,0,1215,0,0,0,0,0,0,,2022-05-24 21:55:32.274661
21,AR,Arunachal Pradesh,AR_Arunachal Pradesh,East Siang,3678,0,3660,18,0,0,0,0,0,,2022-05-24 21:55:32.274661
22,AR,Arunachal Pradesh,AR_Arunachal Pradesh,Kamle,585,0,585,0,0,0,0,0,0,,2022-05-24 21:55:32.274661
23,AR,Arunachal Pradesh,AR_Arunachal Pradesh,Kra Daadi,270,0,270,0,0,0,0,0,0,,2022-05-24 21:55:32.274661
24,AR,Arunachal Pradesh,AR_Arunachal Pradesh,Kurung Kumey,526,0,525,1,0,0,0,0,0,,2022-05-24 21:55:32.274661
25,AR,Arunachal Pradesh,AR_Arunachal Pradesh,Lepa Rada,1029,0,1026,3,0,0,0,0,0,,2022-05-24 21:55:32.274661
26,AR,Arunachal Pradesh,AR_Arunachal Pradesh,Lohit,3414,0,3385,29,0,0,0,0,0,,2022-05-24 21:55:32.274661
27,AR,Arunachal Pradesh,AR_Arunachal Pradesh,Longding,935,0,933,2,0,0,0,0,0,,2022-05-24 21:55:32.274661
28,AR,Arunachal Pradesh,AR_Arunachal Pradesh,Lower Dibang Valley,2845,0,2832,13,0,0,0,0,0,,2022-05-24 21:55:32.274661
29,AR,Arunachal Pradesh,AR_Arunachal Pradesh,Lower Siang,833,0,825,8,0,0,0,0,0,,2022-05-24 21:55:32.274661
30,AR,Arunachal Pradesh,AR_Arunachal Pradesh,Lower Subansiri,3605,0,3590,15,0,0,0,0,0,,2022-05-24 21:55:32.274661
31,AR,Arunachal Pradesh,AR_Arunachal Pradesh,Namsai,2739,1,2721,17,0,0,0,0,0,,2022-05-24 21:55:32.274661
32,AR,Arunachal Pradesh,AR_Arunachal Pradesh,Pakke Kessang,498,0,498,0,0,0,0,0,0,,2022-05-24 21:55:32.274661
33,AR,Arunachal Pradesh,AR_Arunachal Pradesh,Papum Pare,22074,0,21969,105,0,0,0,0,0,,2022-05-24 21:55:32.274661
34,AR,Arunachal Pradesh,AR_Arunachal Pradesh,Shi Yomi,306,0,306,0,0,0,0,0,0,,2022-05-24 21:55:32.274661
35,AR,Arunachal Pradesh,AR_Arunachal Pradesh,Siang,441,0,438,3,0,0,0,0,0,,2022-05-24 21:55:32.274661
36,AR,Arunachal Pradesh,AR_Arunachal Pradesh,Tawang,2927,0,2906,21,0,0,0,0,0,,2022-05-24 21:55:32.274661
37,AR,Arunachal Pradesh,AR_Arunachal Pradesh,Tirap,1261,0,1256,5,0,0,0,0,0,,2022-05-24 21:55:32.274661
38,AR,Arunachal Pradesh,AR_Arunachal Pradesh,Upper Dibang Valley,414,0,412,2,0,0,0,0,0,,2022-05-24 21:55:32.274661
39,AR,Arunachal Pradesh,AR_Arunachal Pradesh,Upper Siang,1180,0,1179,1,0,0,0,0,0,,2022-05-24 21:55:32.274661
40,AR,Arunachal Pradesh,AR_Arunachal Pradesh,Upper Subansiri,2023,0,2016,7,0,0,0,0,0,,2022-05-24 21:55:32.274661
41,AR,Arunachal Pradesh,AR_Arunachal Pradesh,West Kameng,4279,0,4264,15,0,0,0,0,0,,2022-05-24 21:55:32.274661
42,AR,Arunachal Pradesh,AR_Arunachal Pradesh,West Siang,2032,0,2026,6,0,0,0,0,0,,2022-05-24 21:55:32.274661
43,AS,Assam,AS_Assam,Airport Quarantine,0,0,0,0,0,0,0,0,0,,2022-05-25 11:55:23.457728
44,AS,Assam,AS_Assam,Baksa,0,0,0,0,0,0,0,0,0,,2022-05-25 11:55:23.457728
45,AS,Assam,AS_Assam,Barpeta,0,0,0,0,0,0,0,0,0,,2022-05-25 11:55:23.457728
46,AS,Assam,AS_Assam,Biswanath,0,0,0,0,0,0,0,0,0,,2022-05-25 11:55:23.457728
47,AS,Assam,AS_Assam,Bongaigaon,0,0,0,0,0,0,0,0,0,,2022-05-25 11:55:23.457728
48,AS,Assam,AS_Assam,Cachar,0,0,0,0,0,0,0,0,0,,2022-05-25 11:55:23.457728
49,AS,Assam,AS_Assam,Charaideo,0,0,0,0,0,0,0,0,0,,2022-05-25 11:55:23.457728
50,AS,Assam,AS_Assam,Chirang,0,0,0,0,0,0,0,0,0,,2022-05-25 11:55:23.457728
51,AS,Assam,AS_Assam,Darrang,0,0,0,0,0,0,0,0,0,,2022-05-25 11:55:23.457728
52,AS,Assam,AS_Assam,Dhemaji,0,0,0,0,0,0,0,0,0,,2022-05-25 11:55:23.457728
53,AS,Assam,AS_Assam,Dhubri,0,0,0,0,0,0,0,0,0,,2022-05-25 11:55:23.457728
54,AS,Assam,AS_Assam,Dibrugarh,0,0,0,0,0,0,0,0,0,,2022-05-25 11:55:23.457728
55,AS,Assam,AS_Assam,Dima Hasao,0,0,0,0,0,0,0,0,0,,2022-05-25 11:55:23.457728
56,AS,Assam,AS_Assam,Goalpara,0,0,0,0,0,0,0,0,0,,2022-05-25 11:55:23.457728
57,AS,Assam,AS_Assam,Golaghat,0,0,0,0,0,0,0,0,0,,2022-05-25 11:55:23.457728
58,AS,Assam,AS_Assam,Hailakandi,0,0,0,0,0,0,0,0,0,,2022-05-25 11:55:23.457728
59,AS,Assam,AS_Assam,Hojai,0,0,0,0,0,0,0,0,0,,2022-05-25 11:55:23.457728
60,AS,Assam,AS_Assam,Jorhat,0,0,0,0,0,0,0,0,0,,2022-05-25 11:55:23.457728
61,AS,Assam,AS_Assam,Kamrup,0,0,0,0,0,0,0,0,0,,2022-05-25 11:55:23.457728
62,AS,Assam,AS_Assam,Kamrup Metropolitan,0,0,0,0,0,0,0,0,0,,2022-05-25 11:55:23.457728
63,AS,Assam,AS_Assam,Karbi Anglong,0,0,0,0,0,0,0,0,0,,2022-05-25 11:55:23.457728
64,AS,Assam,AS_Assam,Karimganj,0,0,0,0,0,0,0,0,0,,2022-05-25 11:55:23.457728
65,AS,Assam,AS_Assam,Kokrajhar,0,0,0,0,0,0,0,0,0,,2022-05-25 11:55:23.457728
66,AS,Assam,AS_Assam,Lakhimpur,0,0,0,0,0,0,0,0,0,,2022-05-25 11:55:23.457728
67,AS,Assam,AS_Assam,Majuli,0,0,0,0,0,0,0,0,0,,2022-05-25 11:55:23.457728
68,AS,Assam,AS_Assam,Morigaon,0,0,0,0,0,0,0,0,0,,2022-05-25 11:55:23.457728
69,AS,Assam,AS_Assam,Nagaon,0,0,0,0,0,0,0,0,0,,2022-05-25 11:55:23.457728
70,AS,Assam,AS_Assam,Nalbari,0,0,0,0,0,0,0,0,0,,2022-05-25 11:55:23.457728
71,AS,Assam,AS_Assam,Other State,0,0,0,0,0,0,0,0,0,,2022-05-25 11:55:23.457728
72,AS,Assam,AS_Assam,Sivasagar,0,0,0,0,0,0,0,0,0,,2022-05-25 11:55:23.457728
73,AS,Assam,AS_Assam,Sonitpur,0,0,0,0,0,0,0,0,0,,2022-05-25 11:55:23.457728
74,AS,Assam,AS_Assam,South Salmara Mankachar,0,0,0,0,0,0,0,0,0,,2022-05-25 11:55:23.457728
75,AS,Assam,AS_Assam,Tinsukia,0,0,0,0,0,0,0,0,0,,2022-05-25 11:55:23.457728
76,AS,Assam,AS_Assam,Udalguri,0,0,0,0,0,0,0,0,0,,2022-05-25 11:55:23.457728
77,AS,Assam,AS_Assam,Unknown,724225,3,716236,7986,0,0,-1,1,0,,2022-05-25 11:55:23.457728
78,AS,Assam,AS_Assam,West Karbi Anglong,0,0,0,0,0,0,0,0,0,,2022-05-25 11:55:23.457728
79,BR,Bihar,BR_Bihar,Araria,16120,1,15979,140,0,0,0,0,0,,2022-05-24 20:55:32.818598
80,BR,Bihar,BR_Bihar,Arwal,8228,0,8119,109,0,0,0,0,0,,2022-05-24 20:55:32.818598
81,BR,Bihar,BR_Bihar,Aurangabad,21284,0,21205,79,0,0,0,0,0,,2022-05-24 20:55:32.818598
82,BR,Bihar,BR_Bihar,Banka,8768,0,8655,113,0,0,0,0,0,,2022-05-24 20:55:32.818598
83,BR,Bihar,BR_Bihar,Begusarai,31420,0,30857,563,0,0,0,0,0,,2022-05-24 20:55:32.818598
84,BR,Bihar,BR_Bihar,Bhagalpur,28985,1,28622,362,0,1,1,0,0,,2022-05-24 20:55:32.818598
85,BR,Bihar,BR_Bihar,Bhojpur,11935,0,11695,240,0,0,0,0,0,,2022-05-24 20:55:32.818598
86,BR,Bihar,BR_Bihar,Buxar,10384,0,10165,219,0,0,0,0,0,,2022-05-24 20:55:32.818598
87,BR,Bihar,BR_Bihar,Darbhanga,13524,6,13147,371,0,0,-1,1,0,,2022-05-24 20:55:32.818598
88,BR,Bihar,BR_Bihar,East Champaran,21076,0,20540,536,0,0,0,0,0,,2022-05-24 20:55:32.818598
89,BR,Bihar,BR_Bihar,Gaya,37183,0,36810,373,0,0,0,0,0,,2022-05-24 20:55:32.818598
90,BR,Bihar,BR_Bihar,Gopalganj,17854,0,17594,260,0,0,0,0,0,,2022-05-24 20:55:32.818598
91,BR,Bihar,BR_Bihar,Jamui,11007,0,10887,120,0,0,0,0,0,,2022-05-24 20:55:32.818598
92,BR,Bihar,BR_Bihar,Jehanabad,11852,0,11608,244,0,0,0,0,0,,2022-05-24 20:55:32.818598
93,BR,Bihar,BR_Bihar,Kaimur,5645,0,5498,147,0,0,0,0,0,,2022-05-24 20:55:32.818598
94,BR,Bihar,BR_Bihar,Katihar,19948,0,19679,269,0,0,0,0,0,,2022-05-24 20:55:32.818598
95,BR,Bihar,BR_Bihar,Khagaria,10668,1,10502,165,0,0,0,0,0,,2022-05-24 20:55:32.818598
96,BR,Bihar,BR_Bihar,Kishanganj,11300,0,11193,107,0,0,0,0,0,,2022-05-24 20:55:32.818598
97,BR,Bihar,BR_Bihar,Lakhisarai,8607,0,8504,103,0,0,0,0,0,,2022-05-24 20:55:32.818598
98,BR,Bihar,BR_Bihar,Madhepura,15101,0,14986,115,0,0,0,0,0,,2022-05-24 20:55:32.818598
99,BR,Bihar,BR_Bihar,Madhubani,20089,1,19699,389,0,0,0,0,0,,2022-05-24 20:55:32.818598
100,BR,Bihar,BR_Bihar,Munger,17846,2,17571,273,0,1,1,0,0,,2022-05-24 20:55:32.818598
101,BR,Bihar,BR_Bihar,Muzaffarpur,36166,2,35535,629,0,2,2,0,0,,2022-05-24 20:55:32.818598
102,BR,Bihar,BR_Bihar,Nalanda,25515,0,25041,474,0,0,0,0,0,,2022-05-24 20:55:32.818598
103,BR,Bihar,BR_Bihar,Nawada,11081,0,10823,258,0,0,0,0,0,,2022-05-24 20:55:32.818598
104,BR,Bihar,BR_Bihar,Patna,180665,31,177793,2841,0,6,5,1,0,,2022-05-24 20:55:32.818598
105,BR,Bihar,BR_Bihar,Purnia,27981,0,27749,232,0,0,0,0,0,,2022-05-24 20:55:32.818598
106,BR,Bihar,BR_Bihar,Rohtas,15452,0,15178,274,0,0,0,0,0,,2022-05-24 20:55:32.818598
107,BR,Bihar,BR_Bihar,Saharsa,20202,0,20005,197,0,0,0,0,0,,2022-05-24 20:55:32.818598
108,BR,Bihar,BR_Bihar,Samastipur,25055,0,24795,260,0,0,0,0,0,,2022-05-24 20:55:32.818598
109,BR,Bihar,BR_Bihar,Saran,26183,0,25923,260,0,0,0,0,0,,2022-05-24 20:55:32.818598
110,BR,Bihar,BR_Bihar,Sheikhpura,8061,1,7955,105,0,0,0,0,0,,2022-05-24 20:55:32.818598
111,BR,Bihar,BR_Bihar,Sheohar,4735,0,4683,52,0,0,0,0,0,,2022-05-24 20:55:32.818598
112,BR,Bihar,BR_Bihar,Sitamarhi,10558,0,10428,130,0,0,0,0,0,,2022-05-24 20:55:32.818598
113,BR,Bihar,BR_Bihar,Siwan,16535,0,16248,287,0,0,0,0,0,,2022-05-24 20:55:32.818598
114,BR,Bihar,BR_Bihar,Supaul,18224,0,18067,157,0,0,0,0,0,,2022-05-24 20:55:32.818598
115,BR,Bihar,BR_Bihar,Vaishali,22432,3,22021,408,0,0,0,0,0,,2022-05-24 20:55:32.818598
116,BR,Bihar,BR_Bihar,West Champaran,23057,2,22660,395,0,0,0,0,0,,2022-05-24 20:55:32.818598
117,CT,Chhattisgarh,CT_Chhattisgarh,Balod,29417,0,29009,408,0,0,0,0,0,,2022-05-24 20:57:45.094876
118,CT,Chhattisgarh,CT_Chhattisgarh,Baloda Bazar,45262,0,44765,497,0,0,0,0,0,,2022-05-24 20:57:45.094883
119,CT,Chhattisgarh,CT_Chhattisgarh,Balrampur,22345,0,22224,121,0,0,0,0,0,,2022-05-24 20:57:45.094901
120,CT,Chhattisgarh,CT_Chhattisgarh,Bametara,21717,0,21469,248,0,0,0,0,0,,2022-05-24 20:57:45.094878
121,CT,Chhattisgarh,CT_Chhattisgarh,Bastar,24196,0,23997,199,0,0,0,0,0,,2022-05-24 20:57:45.094903
122,CT,Chhattisgarh,CT_Chhattisgarh,Bijapur,9789,0,9731,58,0,0,0,0,0,,2022-05-24 20:57:45.094912
123,CT,Chhattisgarh,CT_Chhattisgarh,Bilaspur,75995,10,74747,1238,0,5,4,1,0,,2022-05-24 20:57:45.094889
124,CT,Chhattisgarh,CT_Chhattisgarh,Dakshin Bastar Dantewada,12114,1,12086,27,0,0,0,0,0,,2022-05-24 20:57:45.094906
125,CT,Chhattisgarh,CT_Chhattisgarh,Dhamtari,31631,1,31068,562,0,0,0,0,0,,2022-05-24 20:57:45.094882
126,CT,Chhattisgarh,CT_Chhattisgarh,Durg,116207,3,114307,1897,0,1,1,0,0,,2022-05-24 20:57:45.094859
127,CT,Chhattisgarh,CT_Chhattisgarh,Gariaband,20559,0,20363,196,0,0,0,0,0,,2022-05-24 20:57:45.094887
128,CT,Chhattisgarh,CT_Chhattisgarh,Gaurela Pendra Marwahi,13194,0,13046,148,0,0,0,0,0,,2022-05-24 20:57:45.094895
129,CT,Chhattisgarh,CT_Chhattisgarh,Janjgir Champa,63479,1,62615,863,0,0,0,0,0,,2022-05-24 20:57:45.094893
130,CT,Chhattisgarh,CT_Chhattisgarh,Jashpur,31482,2,31265,215,0,0,-1,1,0,,2022-05-24 20:57:45.094902
131,CT,Chhattisgarh,CT_Chhattisgarh,Kabeerdham,24784,5,24510,269,0,0,0,0,0,,2022-05-24 20:57:45.094879
132,CT,Chhattisgarh,CT_Chhattisgarh,Kondagaon,15907,0,15805,102,0,0,0,0,0,,2022-05-24 20:57:45.094905
133,CT,Chhattisgarh,CT_Chhattisgarh,Korba,63034,5,62429,600,0,3,3,0,0,,2022-05-24 20:57:45.094891
134,CT,Chhattisgarh,CT_Chhattisgarh,Koriya,29494,0,29313,181,0,0,0,0,0,,2022-05-24 20:57:45.094898
135,CT,Chhattisgarh,CT_Chhattisgarh,Mahasamund,33031,1,32655,375,0,1,1,0,0,,2022-05-24 20:57:45.094886
136,CT,Chhattisgarh,CT_Chhattisgarh,Mungeli,25987,0,25818,169,0,0,0,0,0,,2022-05-24 20:57:45.094894
137,CT,Chhattisgarh,CT_Chhattisgarh,Narayanpur,4964,0,4950,14,0,0,0,0,0,,2022-05-24 20:57:45.094910
138,CT,Chhattisgarh,CT_Chhattisgarh,Other State,852,0,721,131,0,0,0,0,0,,2022-05-24 20:57:45.094913
139,CT,Chhattisgarh,CT_Chhattisgarh,Raigarh,73451,3,72454,994,0,1,1,0,0,,2022-05-24 20:57:45.094890
140,CT,Chhattisgarh,CT_Chhattisgarh,Raipur,193946,22,190686,3238,0,3,2,1,0,,2022-05-24 20:57:45.094881
141,CT,Chhattisgarh,CT_Chhattisgarh,Rajnandgaon,63076,2,62527,547,0,0,-1,1,0,,2022-05-24 20:57:45.094875
142,CT,Chhattisgarh,CT_Chhattisgarh,Sukma,8980,0,8959,21,0,0,0,0,0,,2022-05-24 20:57:45.094907
143,CT,Chhattisgarh,CT_Chhattisgarh,Surajpur,31896,3,31664,229,0,0,0,0,0,,2022-05-24 20:57:45.094900
144,CT,Chhattisgarh,CT_Chhattisgarh,Surguja,37615,3,37362,250,0,1,1,0,0,,2022-05-24 20:57:45.094897
145,CT,Chhattisgarh,CT_Chhattisgarh,Uttar Bastar Kanker,27999,0,27762,237,0,0,0,0,0,,2022-05-24 20:57:45.094908
146,GA,Goa,GA_Goa,North Goa,0,0,0,0,0,0,0,0,0,,2022-05-25 11:55:23.457728
147,GA,Goa,GA_Goa,Other State,0,0,0,0,0,0,0,0,0,,2022-05-25 11:55:23.457728
148,GA,Goa,GA_Goa,South Goa,0,0,0,0,0,0,0,0,0,,2022-05-25 11:55:23.457728
149,GA,Goa,GA_Goa,Unknown,245691,99,241760,3832,0,26,15,11,0,,2022-05-25 11:55:23.457728
150,GJ,Gujarat,GJ_Gujarat,Ahmedabad,385131,115,381397,3619,0,24,11,13,0,,2022-05-24 23:55:37.859566
151,GJ,Gujarat,GJ_Gujarat,Amreli,12903,0,12798,105,0,0,0,0,0,,2022-05-24 23:55:37.859566
152,GJ,Gujarat,GJ_Gujarat,Anand,15470,0,15417,53,0,0,0,0,0,,2022-05-24 23:55:37.859566
153,GJ,Gujarat,GJ_Gujarat,Aravalli,5743,0,5662,81,0,0,0,0,0,,2022-05-24 23:55:37.859566
154,GJ,Gujarat,GJ_Gujarat,Banaskantha,18336,0,18170,166,0,0,0,0,0,,2022-05-24 23:55:37.859566
155,GJ,Gujarat,GJ_Gujarat,Bharuch,17288,0,17136,152,0,0,0,0,0,,2022-05-24 23:55:37.859566
156,GJ,Gujarat,GJ_Gujarat,Bhavnagar,29244,2,28880,362,0,0,0,0,0,,2022-05-24 23:55:37.859566
157,GJ,Gujarat,GJ_Gujarat,Botad,2356,0,2308,48,0,0,0,0,0,,2022-05-24 23:55:37.859566
158,GJ,Gujarat,GJ_Gujarat,Chhota Udaipur,3756,0,3718,38,0,0,0,0,0,,2022-05-24 23:55:37.859566
159,GJ,Gujarat,GJ_Gujarat,Dahod,11300,0,11254,46,0,0,0,0,0,,2022-05-24 23:55:37.859566
160,GJ,Gujarat,GJ_Gujarat,Dang,1259,0,1241,18,0,0,0,0,0,,2022-05-24 23:55:37.859566
161,GJ,Gujarat,GJ_Gujarat,Devbhumi Dwarka,5182,0,5093,89,0,0,0,0,0,,2022-05-24 23:55:37.859566
162,GJ,Gujarat,GJ_Gujarat,Gandhinagar,35173,6,34941,226,0,0,-4,4,0,,2022-05-24 23:55:37.859566
163,GJ,Gujarat,GJ_Gujarat,Gir Somnath,9748,0,9681,67,0,0,0,0,0,,2022-05-24 23:55:37.859566
164,GJ,Gujarat,GJ_Gujarat,Jamnagar,41837,1,41316,520,0,0,-2,2,0,,2022-05-24 23:55:37.859566
165,GJ,Gujarat,GJ_Gujarat,Junagadh,22756,0,22484,272,0,0,0,0,0,,2022-05-24 23:55:37.859566
166,GJ,Gujarat,GJ_Gujarat,Kheda,14700,1,14644,55,0,1,1,0,0,,2022-05-24 23:55:37.859566
167,GJ,Gujarat,GJ_Gujarat,Kutch,19014,1,18867,146,0,0,0,0,0,,2022-05-24 23:55:37.859566
168,GJ,Gujarat,GJ_Gujarat,Mahisagar,8867,0,8792,75,0,0,0,0,0,,2022-05-24 23:55:37.859566
169,GJ,Gujarat,GJ_Gujarat,Mehsana,31007,0,30813,194,0,0,0,0,0,,2022-05-24 23:55:37.859566
170,GJ,Gujarat,GJ_Gujarat,Morbi,10768,0,10673,95,0,0,0,0,0,,2022-05-24 23:55:37.859566
171,GJ,Gujarat,GJ_Gujarat,Narmada,6640,0,6625,15,0,0,0,0,0,,2022-05-24 23:55:37.859566
172,GJ,Gujarat,GJ_Gujarat,Navsari,11904,2,11861,41,0,0,0,0,0,,2022-05-24 23:55:37.859566
173,GJ,Gujarat,GJ_Gujarat,Panchmahal,13549,0,13466,83,0,0,0,0,0,,2022-05-24 23:55:37.859566
174,GJ,Gujarat,GJ_Gujarat,Patan,16242,0,16113,129,0,0,0,0,0,,2022-05-24 23:55:37.859566
175,GJ,Gujarat,GJ_Gujarat,Porbandar,4184,0,4159,25,0,0,0,0,0,,2022-05-24 23:55:37.859566
176,GJ,Gujarat,GJ_Gujarat,Rajkot,84601,2,83801,798,0,1,-3,4,0,,2022-05-24 23:55:37.859566
177,GJ,Gujarat,GJ_Gujarat,Sabarkantha,11765,0,11602,163,0,0,0,0,0,,2022-05-24 23:55:37.859566
178,GJ,Gujarat,GJ_Gujarat,Surat,205001,7,202914,2080,0,2,2,0,0,,2022-05-24 23:55:37.859566
179,GJ,Gujarat,GJ_Gujarat,Surendranagar,10084,0,9945,139,0,0,0,0,0,,2022-05-24 23:55:37.859566
180,GJ,Gujarat,GJ_Gujarat,Tapi,5802,0,5772,30,0,0,0,0,0,,2022-05-24 23:55:37.859566
181,GJ,Gujarat,GJ_Gujarat,Vadodara,140346,48,139377,921,0,7,-1,8,0,,2022-05-24 23:55:37.859566
182,GJ,Gujarat,GJ_Gujarat,Valsad,12849,1,12758,90,0,0,0,0,0,,2022-05-24 23:55:37.859566
183,HR,Haryana,HR_Haryana,Ambala,40806,7,40257,542,0,1,-1,2,0,,2022-05-24T23:55:41.985980+05:30
184,HR,Haryana,HR_Haryana,Bhiwani,26526,11,25850,665,0,3,3,0,0,,2022-05-24T23:55:41.985980+05:30
185,HR,Haryana,HR_Haryana,Charkhi Dadri,7452,7,7300,145,0,0,-1,1,0,,2022-05-24T23:55:41.985980+05:30
186,HR,Haryana,HR_Haryana,Faridabad,129569,238,128590,741,0,35,-14,49,0,,2022-05-24T23:55:41.985980+05:30
187,HR,Haryana,HR_Haryana,Fatehabad,20071,2,19571,498,0,1,1,0,0,,2022-05-24T23:55:41.985980+05:30
188,HR,Haryana,HR_Haryana,Gurugram,273353,639,271707,1007,0,165,-23,188,0,,2022-05-24T23:55:41.985980+05:30
189,HR,Haryana,HR_Haryana,Hisar,62105,5,60925,1175,0,0,-2,2,0,,2022-05-24T23:55:41.985980+05:30
190,HR,Haryana,HR_Haryana,Jhajjar,23493,15,23128,350,0,3,2,1,0,,2022-05-24T23:55:41.985980+05:30
191,HR,Haryana,HR_Haryana,Jind,24359,3,23814,542,0,0,-1,1,0,,2022-05-24T23:55:41.985980+05:30
192,HR,Haryana,HR_Haryana,Kaithal,14244,4,13869,371,0,0,0,0,0,,2022-05-24T23:55:41.985980+05:30
193,HR,Haryana,HR_Haryana,Karnal,48251,14,47641,596,0,2,0,2,0,,2022-05-24T23:55:41.985980+05:30
194,HR,Haryana,HR_Haryana,Kurukshetra,26857,2,26457,398,0,1,1,0,0,,2022-05-24T23:55:41.985980+05:30
195,HR,Haryana,HR_Haryana,Mahendragarh,24754,0,24589,165,0,0,0,0,0,,2022-05-24T23:55:41.985980+05:30
196,HR,Haryana,HR_Haryana,Palwal,13501,6,13325,170,0,0,-1,1,0,,2022-05-24T23:55:41.985980+05:30
197,HR,Haryana,HR_Haryana,Panchkula,44319,36,43869,414,0,10,8,2,0,,2022-05-24T23:55:41.985980+05:30
198,HR,Haryana,HR_Haryana,Panipat,36106,10,35424,672,0,1,-7,8,0,,2022-05-24T23:55:41.985980+05:30
199,HR,Haryana,HR_Haryana,Rewari,24626,9,24393,224,0,0,-1,1,0,,2022-05-24T23:55:41.985980+05:30
200,HR,Haryana,HR_Haryana,Rohtak,31967,43,31387,537,0,2,-1,3,0,,2022-05-24T23:55:41.985980+05:30
201,HR,Haryana,HR_Haryana,Sirsa,33398,4,32855,539,0,4,3,1,0,,2022-05-24T23:55:41.985980+05:30
202,HR,Haryana,HR_Haryana,Sonipat,58706,5,58425,276,0,1,0,1,0,,2022-05-24T23:55:41.985980+05:30
203,HR,Haryana,HR_Haryana,Yamunanagar,30687,2,30230,455,0,1,0,1,0,,2022-05-24T23:55:41.985980+05:30
204,HR,Haryana,HR_Haryana,0,6112,0,5973,139,0,0,0,0,0,,2022-05-24T23:55:41.985980+05:30
205,HP,Himachal Pradesh,HP_Himachal Pradesh,Bilaspur,18241,6,18140,95,1,0,0,0,0,,2022-05-24 19:55:40.022189
206,HP,Himachal Pradesh,HP_Himachal Pradesh,Chamba,16138,4,15963,171,2,0,0,0,0,,2022-05-24 19:55:40.022189
207,HP,Himachal Pradesh,HP_Himachal Pradesh,Hamirpur,23356,7,23019,330,1,0,-2,2,0,,2022-05-24 19:55:40.022189
208,HP,Himachal Pradesh,HP_Himachal Pradesh,Kangra,63866,20,62600,1246,7,1,-4,5,0,,2022-05-24 19:55:40.022189
209,HP,Himachal Pradesh,HP_Himachal Pradesh,Kinnaur,4451,0,4410,41,0,0,0,0,0,,2022-05-24 19:55:40.022189
210,HP,Himachal Pradesh,HP_Himachal Pradesh,Kullu,11969,3,11804,162,2,0,-1,1,0,,2022-05-24 19:55:40.022189
211,HP,Himachal Pradesh,HP_Himachal Pradesh,Lahaul and Spiti,3161,0,3143,18,0,0,0,0,0,,2022-05-24 19:55:40.022189
212,HP,Himachal Pradesh,HP_Himachal Pradesh,Mandi,38850,6,38342,502,0,0,0,0,0,,2022-05-24 19:55:40.022189
213,HP,Himachal Pradesh,HP_Himachal Pradesh,Shimla,35746,11,35019,716,4,1,-1,2,0,,2022-05-24 19:55:40.022189
214,HP,Himachal Pradesh,HP_Himachal Pradesh,Sirmaur,19868,2,19645,221,0,0,0,0,0,,2022-05-24 19:55:40.022189
215,HP,Himachal Pradesh,HP_Himachal Pradesh,Solan,30653,7,30310,336,0,0,0,0,0,,2022-05-24 19:55:40.022189
216,HP,Himachal Pradesh,HP_Himachal Pradesh,Una,18715,3,18433,279,2,0,0,0,0,,2022-05-24 19:55:40.022189
217,JH,Jharkhand,JH_Jharkhand,Bokaro,0,0,0,0,0,0,0,0,0,,2022-05-25 11:55:23.457728
218,JH,Jharkhand,JH_Jharkhand,Chatra,0,0,0,0,0,0,0,0,0,,2022-05-25 11:55:23.457728
219,JH,Jharkhand,JH_Jharkhand,Deoghar,0,0,0,0,0,0,0,0,0,,2022-05-25 11:55:23.457728
220,JH,Jharkhand,JH_Jharkhand,Dhanbad,0,0,0,0,0,0,0,0,0,,2022-05-25 11:55:23.457728
221,JH,Jharkhand,JH_Jharkhand,Dumka,0,0,0,0,0,0,0,0,0,,2022-05-25 11:55:23.457728
222,JH,Jharkhand,JH_Jharkhand,East Singhbhum,0,0,0,0,0,0,0,0,0,,2022-05-25 11:55:23.457728
223,JH,Jharkhand,JH_Jharkhand,Garhwa,0,0,0,0,0,0,0,0,0,,2022-05-25 11:55:23.457728
224,JH,Jharkhand,JH_Jharkhand,Giridih,0,0,0,0,0,0,0,0,0,,2022-05-25 11:55:23.457728
225,JH,Jharkhand,JH_Jharkhand,Godda,0,0,0,0,0,0,0,0,0,,2022-05-25 11:55:23.457728
226,JH,Jharkhand,JH_Jharkhand,Gumla,0,0,0,0,0,0,0,0,0,,2022-05-25 11:55:23.457728
227,JH,Jharkhand,JH_Jharkhand,Hazaribagh,0,0,0,0,0,0,0,0,0,,2022-05-25 11:55:23.457728
228,JH,Jharkhand,JH_Jharkhand,Jamtara,0,0,0,0,0,0,0,0,0,,2022-05-25 11:55:23.457728
229,JH,Jharkhand,JH_Jharkhand,Khunti,0,0,0,0,0,0,0,0,0,,2022-05-25 11:55:23.457728
230,JH,Jharkhand,JH_Jharkhand,Koderma,0,0,0,0,0,0,0,0,0,,2022-05-25 11:55:23.457728
231,JH,Jharkhand,JH_Jharkhand,Latehar,0,0,0,0,0,0,0,0,0,,2022-05-25 11:55:23.457728
232,JH,Jharkhand,JH_Jharkhand,Lohardaga,0,0,0,0,0,0,0,0,0,,2022-05-25 11:55:23.457728
233,JH,Jharkhand,JH_Jharkhand,Pakur,0,0,0,0,0,0,0,0,0,,2022-05-25 11:55:23.457728
234,JH,Jharkhand,JH_Jharkhand,Palamu,0,0,0,0,0,0,0,0,0,,2022-05-25 11:55:23.457728
235,JH,Jharkhand,JH_Jharkhand,Ramgarh,0,0,0,0,0,0,0,0,0,,2022-05-25 11:55:23.457728
236,JH,Jharkhand,JH_Jharkhand,Ranchi,0,0,0,0,0,0,0,0,0,,2022-05-25 11:55:23.457728
237,JH,Jharkhand,JH_Jharkhand,Sahibganj,0,0,0,0,0,0,0,0,0,,2022-05-25 11:55:23.457728
238,JH,Jharkhand,JH_Jharkhand,Saraikela-Kharsawan,0,0,0,0,0,0,0,0,0,,2022-05-25 11:55:23.457728
239,JH,Jharkhand,JH_Jharkhand,Simdega,0,0,0,0,0,0,0,0,0,,2022-05-25 11:55:23.457728
240,JH,Jharkhand,JH_Jharkhand,Unknown,435318,19,429981,5318,0,4,0,4,0,,2022-05-25 11:55:23.457728
241,JH,Jharkhand,JH_Jharkhand,West Singhbhum,0,0,0,0,0,0,0,0,0,,2022-05-25 11:55:23.457728
242,KA,Karnataka,KA_Karnataka,Bagalkote,40683,0,40316,367,0,0,0,0,0,0.0 cases were recorded as Deaths due to Non Covid Reasons,2022-05-25T12:03:39.918963+05:30
243,KA,Karnataka,KA_Karnataka,Ballari,115526,20,113742,1764,2,0,-3,3,0,2.0 cases were recorded as Deaths due to Non Covid Reasons,2022-05-25T12:03:39.918963+05:30
244,KA,Karnataka,KA_Karnataka,Belagavi,100145,8,99135,1002,2,1,1,0,0,2.0 cases were recorded as Deaths due to Non Covid Reasons,2022-05-25T12:03:39.918963+05:30
245,KA,Karnataka,KA_Karnataka,Bengaluru Rural,79293,3,78383,907,0,0,0,0,0,0.0 cases were recorded as Deaths due to Non Covid Reasons,2022-05-25T12:03:39.918963+05:30
246,KA,Karnataka,KA_Karnataka,Bengaluru Urban,1786473,1652,1767858,16963,1,107,-1,108,0,1.0 cases were recorded as Deaths due to Non Covid Reasons,2022-05-25T12:03:39.918963+05:30
247,KA,Karnataka,KA_Karnataka,Bidar,29809,4,29385,420,4,0,0,0,0,4.0 cases were recorded as Deaths due to Non Covid Reasons,2022-05-25T12:03:39.918963+05:30
248,KA,Karnataka,KA_Karnataka,Chamarajanagara,43618,11,43083,524,11,0,0,0,0,11.0 cases were recorded as Deaths due to Non Covid Reasons,2022-05-25T12:03:39.918963+05:30
249,KA,Karnataka,KA_Karnataka,Chikkaballapura,55628,2,55166,460,1,0,0,0,0,1.0 cases were recorded as Deaths due to Non Covid Reasons,2022-05-25T12:03:39.918963+05:30
250,KA,Karnataka,KA_Karnataka,Chikkamagaluru,57256,3,56847,406,0,0,-1,1,0,0.0 cases were recorded as Deaths due to Non Covid Reasons,2022-05-25T12:03:39.918963+05:30
251,KA,Karnataka,KA_Karnataka,Chitradurga,46370,1,46130,239,0,0,-1,1,0,0.0 cases were recorded as Deaths due to Non Covid Reasons,2022-05-25T12:03:39.918963+05:30
252,KA,Karnataka,KA_Karnataka,Dakshina Kannada,135577,24,133713,1840,10,6,1,5,0,10.0 cases were recorded as Deaths due to Non Covid Reasons,2022-05-25T12:03:39.918963+05:30
253,KA,Karnataka,KA_Karnataka,Davanagere,57542,2,56917,623,0,0,0,0,0,0.0 cases were recorded as Deaths due to Non Covid Reasons,2022-05-25T12:03:39.918963+05:30
254,KA,Karnataka,KA_Karnataka,Dharwad,84094,7,82703,1384,7,0,0,0,0,7.0 cases were recorded as Deaths due to Non Covid Reasons,2022-05-25T12:03:39.918963+05:30
255,KA,Karnataka,KA_Karnataka,Gadag,30584,0,30248,336,0,0,0,0,0,0.0 cases were recorded as Deaths due to Non Covid Reasons,2022-05-25T12:03:39.918963+05:30
256,KA,Karnataka,KA_Karnataka,Hassan,143869,3,142559,1307,2,0,-2,2,0,2.0 cases were recorded as Deaths due to Non Covid Reasons,2022-05-25T12:03:39.918963+05:30
257,KA,Karnataka,KA_Karnataka,Haveri,26840,0,26171,669,0,0,0,0,0,0.0 cases were recorded as Deaths due to Non Covid Reasons,2022-05-25T12:03:39.918963+05:30
258,KA,Karnataka,KA_Karnataka,Kalaburagi,76610,1,75728,881,0,0,0,0,0,0.0 cases were recorded as Deaths due to Non Covid Reasons,2022-05-25T12:03:39.918963+05:30
259,KA,Karnataka,KA_Karnataka,Kodagu,49264,1,48911,352,1,0,0,0,0,1.0 cases were recorded as Deaths due to Non Covid Reasons,2022-05-25T12:03:39.918963+05:30
260,KA,Karnataka,KA_Karnataka,Kolar,63016,3,62349,664,0,3,3,0,0,0.0 cases were recorded as Deaths due to Non Covid Reasons,2022-05-25T12:03:39.918963+05:30
261,KA,Karnataka,KA_Karnataka,Koppal,41281,0,40743,538,0,0,0,0,0,0.0 cases were recorded as Deaths due to Non Covid Reasons,2022-05-25T12:03:39.918963+05:30
262,KA,Karnataka,KA_Karnataka,Mandya,101486,0,100775,711,0,0,0,0,0,0.0 cases were recorded as Deaths due to Non Covid Reasons,2022-05-25T12:03:39.918963+05:30
263,KA,Karnataka,KA_Karnataka,Mysuru,229558,5,226994,2559,0,1,1,0,0,0.0 cases were recorded as Deaths due to Non Covid Reasons,2022-05-25T12:03:39.918963+05:30
264,KA,Karnataka,KA_Karnataka,Other State,36,0,33,3,0,0,0,0,0,0.0 cases were recorded as Deaths due to Non Covid Reasons,2022-05-25T12:03:39.918963+05:30
265,KA,Karnataka,KA_Karnataka,Raichur,45451,0,45087,364,0,0,-1,1,0,0.0 cases were recorded as Deaths due to Non Covid Reasons,2022-05-25T12:03:39.918963+05:30
266,KA,Karnataka,KA_Karnataka,Ramanagara,29809,1,29461,347,0,0,0,0,0,0.0 cases were recorded as Deaths due to Non Covid Reasons,2022-05-25T12:03:39.918963+05:30
267,KA,Karnataka,KA_Karnataka,Shivamogga,83331,2,82201,1128,1,0,0,0,0,1.0 cases were recorded as Deaths due to Non Covid Reasons,2022-05-25T12:03:39.918963+05:30
268,KA,Karnataka,KA_Karnataka,Tumakuru,159851,1,158632,1218,0,0,0,0,0,0.0 cases were recorded as Deaths due to Non Covid Reasons,2022-05-25T12:03:39.918963+05:30
269,KA,Karnataka,KA_Karnataka,Udupi,95617,1,95070,546,0,0,0,0,0,0.0 cases were recorded as Deaths due to Non Covid Reasons,2022-05-25T12:03:39.918963+05:30
270,KA,Karnataka,KA_Karnataka,Uttara Kannada,71172,2,70361,809,0,0,0,0,0,0.0 cases were recorded as Deaths due to Non Covid Reasons,2022-05-25T12:03:39.918963+05:30
271,KA,Karnataka,KA_Karnataka,Vijayapura,41014,0,40493,521,0,0,0,0,0,0.0 cases were recorded as Deaths due to Non Covid Reasons,2022-05-25T12:03:39.918963+05:30
272,KA,Karnataka,KA_Karnataka,Yadgir,29967,0,29755,212,0,0,0,0,0,0.0 cases were recorded as Deaths due to Non Covid Reasons,2022-05-25T12:03:39.918963+05:30
273,KL,Kerala,KL_Kerala,Alappuzha,390611,97,385273,5241,0,52,10,42,0,,2022-05-24 23:55:52.035577
274,KL,Kerala,KL_Kerala,Ernakulam,889220,1258,879736,8226,0,615,70,545,0,,2022-05-24 23:55:52.035577
275,KL,Kerala,KL_Kerala,Idukki,209476,82,207889,1505,0,75,-11,86,0,,2022-05-24 23:55:52.035577
276,KL,Kerala,KL_Kerala,Kannur,349162,20,344728,4414,0,33,-11,41,3,,2022-05-24 23:55:52.035577
277,KL,Kerala,KL_Kerala,Kasaragod,166610,5,165217,1388,0,5,-13,18,0,,2022-05-24 23:55:52.035577
278,KL,Kerala,KL_Kerala,Kollam,511234,45,504677,6512,0,74,23,29,22,,2022-05-24 23:55:52.035577
279,KL,Kerala,KL_Kerala,Kottayam,450395,641,445234,4520,0,373,169,203,1,,2022-05-24 23:55:52.035577
280,KL,Kerala,KL_Kerala,Kozhikode,673758,245,667187,6326,0,199,42,120,37,,2022-05-24 23:55:52.035577
281,KL,Kerala,KL_Kerala,Malappuram,647195,33,640760,6402,0,50,33,4,13,,2022-05-24 23:55:52.035577
282,KL,Kerala,KL_Kerala,Palakkad,449927,174,443968,5785,0,36,11,21,4,,2022-05-24 23:55:52.035577
283,KL,Kerala,KL_Kerala,Pathanamthitta,267557,152,264890,2515,0,120,37,81,2,,2022-05-24 23:55:52.035577
284,KL,Kerala,KL_Kerala,Thiruvananthapuram,708201,530,699266,8405,0,353,129,213,11,,2022-05-24 23:55:52.035577
285,KL,Kerala,KL_Kerala,Thrissur,670561,153,662972,7436,0,237,20,210,7,,2022-05-24 23:55:52.035577
286,KL,Kerala,KL_Kerala,Wayanad,168377,18,167391,968,0,20,3,17,0,,2022-05-24 23:55:52.035577
287,MP,Madhya Pradesh,MP_Madhya Pradesh,Agar Malwa,0,0,0,0,0,0,0,0,0,,2022-05-25 11:55:23.457728
288,MP,Madhya Pradesh,MP_Madhya Pradesh,Alirajpur,0,0,0,0,0,0,0,0,0,,2022-05-25 11:55:23.457728
289,MP,Madhya Pradesh,MP_Madhya Pradesh,Anuppur,0,0,0,0,0,0,0,0,0,,2022-05-25 11:55:23.457728
290,MP,Madhya Pradesh,MP_Madhya Pradesh,Ashoknagar,0,0,0,0,0,0,0,0,0,,2022-05-25 11:55:23.457728
291,MP,Madhya Pradesh,MP_Madhya Pradesh,Balaghat,0,0,0,0,0,0,0,0,0,,2022-05-25 11:55:23.457728
292,MP,Madhya Pradesh,MP_Madhya Pradesh,Barwani,0,0,0,0,0,0,0,0,0,,2022-05-25 11:55:23.457728
293,MP,Madhya Pradesh,MP_Madhya Pradesh,Betul,0,0,0,0,0,0,0,0,0,,2022-05-25 11:55:23.457728
294,MP,Madhya Pradesh,MP_Madhya Pradesh,Bhind,0,0,0,0,0,0,0,0,0,,2022-05-25 11:55:23.457728
295,MP,Madhya Pradesh,MP_Madhya Pradesh,Bhopal,0,0,0,0,0,0,0,0,0,,2022-05-25 11:55:23.457728
296,MP,Madhya Pradesh,MP_Madhya Pradesh,Burhanpur,0,0,0,0,0,0,0,0,0,,2022-05-25 11:55:23.457728
297,MP,Madhya Pradesh,MP_Madhya Pradesh,Chhatarpur,0,0,0,0,0,0,0,0,0,,2022-05-25 11:55:23.457728
298,MP,Madhya Pradesh,MP_Madhya Pradesh,Chhindwara,0,0,0,0,0,0,0,0,0,,2022-05-25 11:55:23.457728
299,MP,Madhya Pradesh,MP_Madhya Pradesh,Damoh,0,0,0,0,0,0,0,0,0,,2022-05-25 11:55:23.457728
300,MP,Madhya Pradesh,MP_Madhya Pradesh,Datia,0,0,0,0,0,0,0,0,0,,2022-05-25 11:55:23.457728
301,MP,Madhya Pradesh,MP_Madhya Pradesh,Dewas,0,0,0,0,0,0,0,0,0,,2022-05-25 11:55:23.457728
302,MP,Madhya Pradesh,MP_Madhya Pradesh,Dhar,0,0,0,0,0,0,0,0,0,,2022-05-25 11:55:23.457728
303,MP,Madhya Pradesh,MP_Madhya Pradesh,Dindori,0,0,0,0,0,0,0,0,0,,2022-05-25 11:55:23.457728
304,MP,Madhya Pradesh,MP_Madhya Pradesh,Guna,0,0,0,0,0,0,0,0,0,,2022-05-25 11:55:23.457728
305,MP,Madhya Pradesh,MP_Madhya Pradesh,Gwalior,0,0,0,0,0,0,0,0,0,,2022-05-25 11:55:23.457728
306,MP,Madhya Pradesh,MP_Madhya Pradesh,Harda,0,0,0,0,0,0,0,0,0,,2022-05-25 11:55:23.457728
307,MP,Madhya Pradesh,MP_Madhya Pradesh,Hoshangabad,0,0,0,0,0,0,0,0,0,,2022-05-25 11:55:23.457728
308,MP,Madhya Pradesh,MP_Madhya Pradesh,Indore,0,0,0,0,0,0,0,0,0,,2022-05-25 11:55:23.457728
309,MP,Madhya Pradesh,MP_Madhya Pradesh,Jabalpur,0,0,0,0,0,0,0,0,0,,2022-05-25 11:55:23.457728
310,MP,Madhya Pradesh,MP_Madhya Pradesh,Jhabua,0,0,0,0,0,0,0,0,0,,2022-05-25 11:55:23.457728
311,MP,Madhya Pradesh,MP_Madhya Pradesh,Katni,0,0,0,0,0,0,0,0,0,,2022-05-25 11:55:23.457728
312,MP,Madhya Pradesh,MP_Madhya Pradesh,Khandwa,0,0,0,0,0,0,0,0,0,,2022-05-25 11:55:23.457728
313,MP,Madhya Pradesh,MP_Madhya Pradesh,Khargone,0,0,0,0,0,0,0,0,0,,2022-05-25 11:55:23.457728
314,MP,Madhya Pradesh,MP_Madhya Pradesh,Mandla,0,0,0,0,0,0,0,0,0,,2022-05-25 11:55:23.457728
315,MP,Madhya Pradesh,MP_Madhya Pradesh,Mandsaur,0,0,0,0,0,0,0,0,0,,2022-05-25 11:55:23.457728
316,MP,Madhya Pradesh,MP_Madhya Pradesh,Morena,0,0,0,0,0,0,0,0,0,,2022-05-25 11:55:23.457728
317,MP,Madhya Pradesh,MP_Madhya Pradesh,Narsinghpur,0,0,0,0,0,0,0,0,0,,2022-05-25 11:55:23.457728
318,MP,Madhya Pradesh,MP_Madhya Pradesh,Neemuch,0,0,0,0,0,0,0,0,0,,2022-05-25 11:55:23.457728
319,MP,Madhya Pradesh,MP_Madhya Pradesh,Niwari,0,0,0,0,0,0,0,0,0,,2022-05-25 11:55:23.457728
320,MP,Madhya Pradesh,MP_Madhya Pradesh,Other Region,0,0,0,0,0,0,0,0,0,,2022-05-25 11:55:23.457728
321,MP,Madhya Pradesh,MP_Madhya Pradesh,Panna,0,0,0,0,0,0,0,0,0,,2022-05-25 11:55:23.457728
322,MP,Madhya Pradesh,MP_Madhya Pradesh,Raisen,0,0,0,0,0,0,0,0,0,,2022-05-25 11:55:23.457728
323,MP,Madhya Pradesh,MP_Madhya Pradesh,Rajgarh,0,0,0,0,0,0,0,0,0,,2022-05-25 11:55:23.457728
324,MP,Madhya Pradesh,MP_Madhya Pradesh,Ratlam,0,0,0,0,0,0,0,0,0,,2022-05-25 11:55:23.457728
325,MP,Madhya Pradesh,MP_Madhya Pradesh,Rewa,0,0,0,0,0,0,0,0,0,,2022-05-25 11:55:23.457728
326,MP,Madhya Pradesh,MP_Madhya Pradesh,Sagar,0,0,0,0,0,0,0,0,0,,2022-05-25 11:55:23.457728
327,MP,Madhya Pradesh,MP_Madhya Pradesh,Satna,0,0,0,0,0,0,0,0,0,,2022-05-25 11:55:23.457728
328,MP,Madhya Pradesh,MP_Madhya Pradesh,Sehore,0,0,0,0,0,0,0,0,0,,2022-05-25 11:55:23.457728
329,MP,Madhya Pradesh,MP_Madhya Pradesh,Seoni,0,0,0,0,0,0,0,0,0,,2022-05-25 11:55:23.457728
330,MP,Madhya Pradesh,MP_Madhya Pradesh,Shahdol,0,0,0,0,0,0,0,0,0,,2022-05-25 11:55:23.457728
331,MP,Madhya Pradesh,MP_Madhya Pradesh,Shajapur,0,0,0,0,0,0,0,0,0,,2022-05-25 11:55:23.457728
332,MP,Madhya Pradesh,MP_Madhya Pradesh,Sheopur,0,0,0,0,0,0,0,0,0,,2022-05-25 11:55:23.457728
333,MP,Madhya Pradesh,MP_Madhya Pradesh,Shivpuri,0,0,0,0,0,0,0,0,0,,2022-05-25 11:55:23.457728
334,MP,Madhya Pradesh,MP_Madhya Pradesh,Sidhi,0,0,0,0,0,0,0,0,0,,2022-05-25 11:55:23.457728
335,MP,Madhya Pradesh,MP_Madhya Pradesh,Singrauli,0,0,0,0,0,0,0,0,0,,2022-05-25 11:55:23.457728
336,MP,Madhya Pradesh,MP_Madhya Pradesh,Tikamgarh,0,0,0,0,0,0,0,0,0,,2022-05-25 11:55:23.457728
337,MP,Madhya Pradesh,MP_Madhya Pradesh,Ujjain,0,0,0,0,0,0,0,0,0,,2022-05-25 11:55:23.457728
338,MP,Madhya Pradesh,MP_Madhya Pradesh,Umaria,0,0,0,0,0,0,0,0,0,,2022-05-25 11:55:23.457728
339,MP,Madhya Pradesh,MP_Madhya Pradesh,Unknown,1042276,289,1031251,10736,0,33,14,18,1,,2022-05-25 11:55:23.457728
340,MP,Madhya Pradesh,MP_Madhya Pradesh,Vidisha,0,0,0,0,0,0,0,0,0,,2022-05-25 11:55:23.457728
341,MH,Maharashtra,MH_Maharashtra,Ahmednagar,377725,17,370466,7242,0,2,2,0,0,,2022-05-25T12:03:44.160355+05:30
342,MH,Maharashtra,MH_Maharashtra,Akola,66183,2,64711,1470,0,1,1,0,0,,2022-05-25T12:03:44.160355+05:30
343,MH,Maharashtra,MH_Maharashtra,Amravati,105953,6,104323,1624,0,0,0,0,0,,2022-05-25T12:03:44.160355+05:30
344,MH,Maharashtra,MH_Maharashtra,Aurangabad,176544,5,172255,4284,0,1,1,0,0,,2022-05-25T12:03:44.160355+05:30
345,MH,Maharashtra,MH_Maharashtra,Beed,109204,3,106318,2883,0,2,1,1,0,,2022-05-25T12:03:44.160355+05:30
346,MH,Maharashtra,MH_Maharashtra,Bhandara,67943,1,66800,1142,0,0,0,0,0,,2022-05-25T12:03:44.160355+05:30
347,MH,Maharashtra,MH_Maharashtra,Buldhana,92021,0,91185,836,0,0,-1,1,0,,2022-05-25T12:03:44.160355+05:30
348,MH,Maharashtra,MH_Maharashtra,Chandrapur,98832,4,97236,1592,0,2,2,0,0,,2022-05-25T12:03:44.160355+05:30
349,MH,Maharashtra,MH_Maharashtra,Dhule,50757,0,50087,670,0,0,0,0,0,,2022-05-25T12:03:44.160355+05:30
350,MH,Maharashtra,MH_Maharashtra,Gadchiroli,36983,2,36255,726,0,0,0,0,0,,2022-05-25T12:03:44.160355+05:30
351,MH,Maharashtra,MH_Maharashtra,Gondia,45421,0,44834,587,0,0,0,0,0,,2022-05-25T12:03:44.160355+05:30
352,MH,Maharashtra,MH_Maharashtra,Hingoli,22175,0,21661,514,0,0,0,0,0,,2022-05-25T12:03:44.160355+05:30
353,MH,Maharashtra,MH_Maharashtra,Jalgaon,149529,1,146767,2761,0,1,1,0,0,,2022-05-25T12:03:44.160355+05:30
354,MH,Maharashtra,MH_Maharashtra,Jalna,66329,0,65105,1224,0,0,-1,1,0,,2022-05-25T12:03:44.160355+05:30
355,MH,Maharashtra,MH_Maharashtra,Kolhapur,220491,1,214586,5904,0,0,0,0,0,,2022-05-25T12:03:44.160355+05:30
356,MH,Maharashtra,MH_Maharashtra,Latur,104917,0,102428,2489,0,0,0,0,0,,2022-05-25T12:03:44.160355+05:30
357,MH,Maharashtra,MH_Maharashtra,Mumbai,1062354,1430,1041358,19566,0,218,60,158,0,,2022-05-25T12:03:44.160355+05:30
358,MH,Maharashtra,MH_Maharashtra,Nagpur,576431,10,567206,9215,0,1,1,0,0,,2022-05-25T12:03:44.160355+05:30
359,MH,Maharashtra,MH_Maharashtra,Nanded,102670,2,99964,2704,0,0,0,0,0,,2022-05-25T12:03:44.160355+05:30
360,MH,Maharashtra,MH_Maharashtra,Nandurbar,46615,0,45653,962,0,0,0,0,0,,2022-05-25T12:03:44.160355+05:30
361,MH,Maharashtra,MH_Maharashtra,Nashik,472884,8,463966,8910,0,1,-2,3,0,,2022-05-25T12:03:44.160355+05:30
362,MH,Maharashtra,MH_Maharashtra,Osmanabad,75160,1,73020,2139,0,0,0,0,0,,2022-05-25T12:03:44.160355+05:30
363,MH,Maharashtra,MH_Maharashtra,Other State,144,0,31,113,0,0,0,0,0,,2022-05-25T12:03:44.160355+05:30
364,MH,Maharashtra,MH_Maharashtra,Palghar,163665,20,160238,3407,0,0,0,0,0,,2022-05-25T12:03:44.160355+05:30
365,MH,Maharashtra,MH_Maharashtra,Parbhani,58570,3,57288,1279,0,0,-4,4,0,,2022-05-25T12:03:44.160355+05:30
366,MH,Maharashtra,MH_Maharashtra,Pune,1454529,284,1433701,20544,0,46,0,46,0,,2022-05-25T12:03:44.160355+05:30
367,MH,Maharashtra,MH_Maharashtra,Raigad,244501,34,239522,4945,0,15,2,13,0,,2022-05-25T12:03:44.160355+05:30
368,MH,Maharashtra,MH_Maharashtra,Ratnagiri,84430,2,81882,2546,0,0,-1,1,0,,2022-05-25T12:03:44.160355+05:30
369,MH,Maharashtra,MH_Maharashtra,Sangli,227060,1,221393,5666,0,1,1,0,0,,2022-05-25T12:03:44.160355+05:30
370,MH,Maharashtra,MH_Maharashtra,Satara,278221,0,271506,6715,0,0,0,0,0,,2022-05-25T12:03:44.160355+05:30
371,MH,Maharashtra,MH_Maharashtra,Sindhudurg,57161,3,55625,1533,0,0,-3,3,0,,2022-05-25T12:03:44.160355+05:30
372,MH,Maharashtra,MH_Maharashtra,Solapur,227070,1,221192,5877,0,1,-1,2,0,,2022-05-25T12:03:44.160355+05:30
373,MH,Maharashtra,MH_Maharashtra,Thane,767587,195,755473,11919,0,46,2,43,1,,2022-05-25T12:03:44.160355+05:30
374,MH,Maharashtra,MH_Maharashtra,Wardha,65675,0,64267,1408,0,0,0,0,0,,2022-05-25T12:03:44.160355+05:30
375,MH,Maharashtra,MH_Maharashtra,Washim,45633,3,44989,641,0,0,0,0,0,,2022-05-25T12:03:44.160355+05:30
376,MH,Maharashtra,MH_Maharashtra,Yavatmal,81981,0,80161,1820,0,0,0,0,0,,2022-05-25T12:03:44.160355+05:30
377,MN,Manipur,MN_Manipur,Bishnupur,9842,9637,0,205,0,0,0,0,0,,2022-05-24 19:58:07.381353
378,MN,Manipur,MN_Manipur,Chandel,2727,2685,0,42,0,0,0,0,0,,2022-05-24 19:58:07.381353
379,MN,Manipur,MN_Manipur,Churachandpur,11054,10886,0,168,0,0,0,0,0,,2022-05-24 19:58:07.381353
380,MN,Manipur,MN_Manipur,Imphal East,30449,29938,0,511,0,0,0,0,0,,2022-05-24 19:58:07.381353
381,MN,Manipur,MN_Manipur,Imphal West,48748,48044,0,704,0,1,1,0,0,,2022-05-24 19:58:07.381353
382,MN,Manipur,MN_Manipur,Jiribam,1111,1104,0,7,0,0,0,0,0,,2022-05-24 19:58:07.381353
383,MN,Manipur,MN_Manipur,Kakching,6896,6774,0,122,0,0,0,0,0,,2022-05-24 19:58:07.381353
384,MN,Manipur,MN_Manipur,Kamjong,1036,1031,0,5,0,0,0,0,0,,2022-05-24 19:58:07.381353
385,MN,Manipur,MN_Manipur,Kangpokpi,3135,3068,0,67,0,0,0,0,0,,2022-05-24 19:58:07.381353
386,MN,Manipur,MN_Manipur,Noney,1158,1153,0,5,0,0,0,0,0,,2022-05-24 19:58:07.381353
387,MN,Manipur,MN_Manipur,Pherzawl,465,465,0,0,0,0,0,0,0,,2022-05-24 19:58:07.381353
388,MN,Manipur,MN_Manipur,Senapati,2493,2481,0,12,0,0,0,0,0,,2022-05-24 19:58:07.381353
389,MN,Manipur,MN_Manipur,Tamenglong,3478,3461,0,17,0,0,0,0,0,,2022-05-24 19:58:07.381353
390,MN,Manipur,MN_Manipur,Tengnoupal,1201,1186,0,15,0,0,0,0,0,,2022-05-24 19:58:07.381353
391,MN,Manipur,MN_Manipur,Thoubal,10161,9972,0,189,0,0,0,0,0,,2022-05-24 19:58:07.381353
392,MN,Manipur,MN_Manipur,Ukhrul,3277,3226,0,51,0,0,0,0,0,,2022-05-24 19:58:07.381353
393,ML,Meghalaya,ML_Meghalaya,East Garo Hills,2049,0,2032,17,0,0,0,0,0,,2022-05-25 11:55:23.457728
394,ML,Meghalaya,ML_Meghalaya,East Jaintia Hills,2626,1,2587,38,0,0,0,0,0,,2022-05-25 11:55:23.457728
395,ML,Meghalaya,ML_Meghalaya,East Khasi Hills,47093,14,46004,1075,0,0,0,0,0,,2022-05-25 11:55:23.457728
396,ML,Meghalaya,ML_Meghalaya,North Garo Hills,1881,0,1872,9,0,0,0,0,0,,2022-05-25 11:55:23.457728
397,ML,Meghalaya,ML_Meghalaya,Ribhoi,0,0,0,0,0,0,0,0,0,,2022-05-25 11:55:23.457728
398,ML,Meghalaya,ML_Meghalaya,South Garo Hills,1343,0,1330,13,0,0,0,0,0,,2022-05-25 11:55:23.457728
399,ML,Meghalaya,ML_Meghalaya,South West Garo Hills,2094,0,2074,20,0,0,0,0,0,,2022-05-25 11:55:23.457728
400,ML,Meghalaya,ML_Meghalaya,South West Khasi Hills,2698,0,2678,20,0,0,0,0,0,,2022-05-25 11:55:23.457728
401,ML,Meghalaya,ML_Meghalaya,Unknown,3,-13,16,0,0,0,0,0,0,,2022-05-25 11:55:23.457728
402,ML,Meghalaya,ML_Meghalaya,West Garo Hills,10725,-2,10647,80,0,0,0,0,0,,2022-05-25 11:55:23.457728
403,ML,Meghalaya,ML_Meghalaya,West Jaintia Hills,7192,-2,7055,139,0,0,0,0,0,,2022-05-25 11:55:23.457728
404,ML,Meghalaya,ML_Meghalaya,West Khasi Hills,5654,0,5578,76,0,0,0,0,0,,2022-05-25 11:55:23.457728
405,MZ,Mizoram,MZ_Mizoram,Aizawl,0,0,0,0,0,0,0,0,0,,2022-05-25 11:55:23.457728
406,MZ,Mizoram,MZ_Mizoram,Champhai,0,0,0,0,0,0,0,0,0,,2022-05-25 11:55:23.457728
407,MZ,Mizoram,MZ_Mizoram,Hnahthial,0,0,0,0,0,0,0,0,0,,2022-05-25 11:55:23.457728
408,MZ,Mizoram,MZ_Mizoram,Khawzawl,0,0,0,0,0,0,0,0,0,,2022-05-25 11:55:23.457728
409,MZ,Mizoram,MZ_Mizoram,Kolasib,0,0,0,0,0,0,0,0,0,,2022-05-25 11:55:23.457728
410,MZ,Mizoram,MZ_Mizoram,Lawngtlai,0,0,0,0,0,0,0,0,0,,2022-05-25 11:55:23.457728
411,MZ,Mizoram,MZ_Mizoram,Lunglei,0,0,0,0,0,0,0,0,0,,2022-05-25 11:55:23.457728
412,MZ,Mizoram,MZ_Mizoram,Mamit,0,0,0,0,0,0,0,0,0,,2022-05-25 11:55:23.457728
413,MZ,Mizoram,MZ_Mizoram,Saiha,0,0,0,0,0,0,0,0,0,,2022-05-25 11:55:23.457728
414,MZ,Mizoram,MZ_Mizoram,Saitual,0,0,0,0,0,0,0,0,0,,2022-05-25 11:55:23.457728
415,MZ,Mizoram,MZ_Mizoram,Serchhip,0,0,0,0,0,0,0,0,0,,2022-05-25 11:55:23.457728
416,MZ,Mizoram,MZ_Mizoram,Unknown,228205,168,227339,698,0,23,7,16,0,,2022-05-25 11:55:23.457728
417,NL,Nagaland,NL_Nagaland,Dimapur,17295,1078,15742,475,1079,1,1,0,0,1079 cases were recorded as Non Covid Deaths with Covid19 Positivity,2022-05-24T23:55:55.529531+05:30
418,NL,Nagaland,NL_Nagaland,Kiphire,274,1,264,9,1,0,0,0,0,1 cases were recorded as Non Covid Deaths with Covid19 Positivity,2022-05-24T23:55:55.529531+05:30
419,NL,Nagaland,NL_Nagaland,Kohima,10047,235,9681,131,238,0,0,0,0,238 cases were recorded as Non Covid Deaths with Covid19 Positivity,2022-05-24T23:55:55.529531+05:30
420,NL,Nagaland,NL_Nagaland,Longleng,314,18,294,2,18,0,0,0,0,18 cases were recorded as Non Covid Deaths with Covid19 Positivity,2022-05-24T23:55:55.529531+05:30
421,NL,Nagaland,NL_Nagaland,Mokokchung,2491,71,2361,59,72,0,0,0,0,72 cases were recorded as Non Covid Deaths with Covid19 Positivity,2022-05-24T23:55:55.529531+05:30
422,NL,Nagaland,NL_Nagaland,Mon,1175,22,1138,15,22,0,0,0,0,22 cases were recorded as Non Covid Deaths with Covid19 Positivity,2022-05-24T23:55:55.529531+05:30
423,NL,Nagaland,NL_Nagaland,Peren,984,21,957,6,21,0,0,0,0,21 cases were recorded as Non Covid Deaths with Covid19 Positivity,2022-05-24T23:55:55.529531+05:30
424,NL,Nagaland,NL_Nagaland,Phek,636,9,608,19,9,0,0,0,0,9 cases were recorded as Non Covid Deaths with Covid19 Positivity,2022-05-24T23:55:55.529531+05:30
425,NL,Nagaland,NL_Nagaland,Tuensang,1194,2,1178,14,3,0,0,0,0,3 cases were recorded as Non Covid Deaths with Covid19 Positivity,2022-05-24T23:55:55.529531+05:30
426,NL,Nagaland,NL_Nagaland,Wokha,456,22,423,11,18,0,0,0,0,18 cases were recorded as Non Covid Deaths with Covid19 Positivity,2022-05-24T23:55:55.529531+05:30
427,NL,Nagaland,NL_Nagaland,Zunheboto,630,15,599,16,12,0,0,0,0,12 cases were recorded as Non Covid Deaths with Covid19 Positivity,2022-05-24T23:55:55.529531+05:30
428,OR,Odisha,OR_Odisha,Angul,48052,0,47634,418,0,0,0,0,0,,2022-05-24 23:55:55.732780
429,OR,Odisha,OR_Odisha,Balangir,28992,1,28860,131,0,0,0,0,0,,2022-05-24 23:55:55.732780
430,OR,Odisha,OR_Odisha,Balasore,49004,11,48633,360,0,1,1,0,0,,2022-05-24 23:55:55.732780
431,OR,Odisha,OR_Odisha,Bargarh,34549,2,34194,353,0,0,0,0,0,,2022-05-24 23:55:55.732780
432,OR,Odisha,OR_Odisha,Bhadrak,29479,4,29302,173,0,0,0,0,0,,2022-05-24 23:55:55.732780
433,OR,Odisha,OR_Odisha,Boudh,14605,12,14480,113,0,0,0,0,0,,2022-05-24 23:55:55.732780
434,OR,Odisha,OR_Odisha,Cuttack,113765,7,112851,907,0,0,0,0,0,,2022-05-24 23:55:55.732780
435,OR,Odisha,OR_Odisha,Deogarh,8557,0,8504,53,0,0,0,0,0,,2022-05-24 23:55:55.732780
436,OR,Odisha,OR_Odisha,Dhenkanal,22365,0,22100,265,0,0,0,0,0,,2022-05-24 23:55:55.732780
437,OR,Odisha,OR_Odisha,Gajapati,13134,5,13046,83,0,0,0,0,0,,2022-05-24 23:55:55.732780
438,OR,Odisha,OR_Odisha,Ganjam,36758,8,36238,512,0,0,0,0,0,,2022-05-24 23:55:55.732780
439,OR,Odisha,OR_Odisha,Jagatsinghpur,32093,0,31749,344,0,0,0,0,0,,2022-05-24 23:55:55.732780
440,OR,Odisha,OR_Odisha,Jajpur,50306,1,50105,200,0,0,0,0,0,,2022-05-24 23:55:55.732780
441,OR,Odisha,OR_Odisha,Jharsuguda,28475,0,28293,182,0,0,0,0,0,,2022-05-24 23:55:55.732780
442,OR,Odisha,OR_Odisha,Kalahandi,28670,1,28450,219,0,0,0,0,0,,2022-05-24 23:55:55.732780
443,OR,Odisha,OR_Odisha,Kandhamal,13535,0,13440,95,0,0,0,0,0,,2022-05-24 23:55:55.732780
444,OR,Odisha,OR_Odisha,Kendrapara,27973,2,27697,274,0,1,1,0,0,,2022-05-24 23:55:55.732780
445,OR,Odisha,OR_Odisha,Kendujhar,24265,3,24069,193,0,0,0,0,0,,2022-05-24 23:55:55.732780
446,OR,Odisha,OR_Odisha,Khordha,244937,47,243140,1750,0,4,4,0,0,,2022-05-24 23:55:55.732780
447,OR,Odisha,OR_Odisha,Koraput,23600,1,23515,84,0,0,0,0,0,,2022-05-24 23:55:55.732780
448,OR,Odisha,OR_Odisha,Malkangiri,12868,3,12817,48,0,0,0,0,0,,2022-05-24 23:55:55.732780
449,OR,Odisha,OR_Odisha,Mayurbhanj,48442,3,48131,308,0,0,0,0,0,,2022-05-24 23:55:55.732780
450,OR,Odisha,OR_Odisha,Nabarangapur,27431,2,27338,91,0,0,0,0,0,,2022-05-24 23:55:55.732780
451,OR,Odisha,OR_Odisha,Nayagarh,28395,2,28166,227,0,0,0,0,0,,2022-05-24 23:55:55.732780
452,OR,Odisha,OR_Odisha,Nuapada,26764,3,26670,91,0,1,1,0,0,,2022-05-24 23:55:55.732780
453,OR,Odisha,OR_Odisha,Puri,49987,3,49497,487,0,0,0,0,0,,2022-05-24 23:55:55.732780
454,OR,Odisha,OR_Odisha,Rayagada,24820,0,24646,174,0,0,0,0,0,,2022-05-24 23:55:55.732780
455,OR,Odisha,OR_Odisha,Sambalpur,42211,8,41956,247,0,0,0,0,0,,2022-05-24 23:55:55.732780
456,OR,Odisha,OR_Odisha,Subarnapur,16427,0,16365,62,0,0,0,0,0,,2022-05-24 23:55:55.732780
457,OR,Odisha,OR_Odisha,Sundargarh,90843,6,90156,681,0,0,0,0,0,,2022-05-24 23:55:55.732780
458,PB,Punjab,PB_Punjab,Amritsar,59458,6,57770,1682,0,0,0,0,0,,2022-05-26T19:07:56.556568+05:30
459,PB,Punjab,PB_Punjab,Barnala,7504,0,7155,349,0,0,0,0,0,,2022-05-26T19:07:56.556568+05:30
460,PB,Punjab,PB_Punjab,Bathinda,50913,10,49815,1088,0,1,-1,2,0,,2022-05-26T19:07:56.556568+05:30
461,PB,Punjab,PB_Punjab,Faridkot,16806,0,16468,338,0,0,0,0,0,,2022-05-26T19:07:56.556568+05:30
462,PB,Punjab,PB_Punjab,Fatehgarh Sahib,11842,0,11488,354,0,0,0,0,0,,2022-05-26T19:07:56.556568+05:30
463,PB,Punjab,PB_Punjab,Fazilka,23416,1,22870,545,0,0,0,0,0,,2022-05-26T19:07:56.556568+05:30
464,PB,Punjab,PB_Punjab,Ferozepur,17914,3,17374,537,0,0,0,0,0,,2022-05-26T19:07:56.556568+05:30
465,PB,Punjab,PB_Punjab,Gurdaspur,26957,1,26091,865,0,0,0,0,0,,2022-05-26T19:07:56.556568+05:30
466,PB,Punjab,PB_Punjab,Hoshiarpur,40891,3,39792,1096,0,1,1,0,0,,2022-05-26T19:07:56.556568+05:30
467,PB,Punjab,PB_Punjab,Jalandhar,78375,7,76790,1578,0,0,-1,1,0,,2022-05-26T19:07:56.556568+05:30
468,PB,Punjab,PB_Punjab,Kapurthala,22066,0,21483,583,0,0,-1,1,0,,2022-05-26T19:07:56.556568+05:30
469,PB,Punjab,PB_Punjab,Ludhiana,109929,13,107636,2280,0,2,-1,3,0,,2022-05-26T19:07:56.556568+05:30
470,PB,Punjab,PB_Punjab,Malerkotla,3967,0,3791,176,0,0,0,0,0,,2022-05-26T19:07:56.556568+05:30
471,PB,Punjab,PB_Punjab,Mansa,17233,1,16839,393,0,0,0,0,0,,2022-05-26T19:07:56.556568+05:30
472,PB,Punjab,PB_Punjab,Moga,10993,2,10736,255,0,0,0,0,0,,2022-05-26T19:07:56.556568+05:30
473,PB,Punjab,PB_Punjab,Pathankot,24571,3,24073,495,0,0,-1,1,0,,2022-05-26T19:07:56.556568+05:30
474,PB,Punjab,PB_Punjab,Patiala,62236,7,60772,1457,0,0,-1,1,0,,2022-05-26T19:07:56.556568+05:30
475,PB,Punjab,PB_Punjab,Rupnagar,17963,0,17508,455,0,0,-5,5,0,,2022-05-26T19:07:56.556568+05:30
476,PB,Punjab,PB_Punjab,S.A.S. Nagar,95992,46,94798,1148,0,10,3,7,0,,2022-05-26T19:07:56.556568+05:30
477,PB,Punjab,PB_Punjab,Sangrur,14308,0,13573,735,0,0,0,0,0,,2022-05-26T19:07:56.556568+05:30
478,PB,Punjab,PB_Punjab,Shahid Bhagat Singh Nagar,13422,1,13012,409,0,1,1,0,0,,2022-05-26T19:07:56.556568+05:30
479,PB,Punjab,PB_Punjab,Sri Muktsar Sahib,22560,0,22021,539,0,0,0,0,0,,2022-05-26T19:07:56.556568+05:30
480,PB,Punjab,PB_Punjab,Tarn Taran,10902,0,10508,394,0,0,-1,1,0,,2022-05-26T19:07:56.556568+05:30
481,RJ,Rajasthan,RJ_Rajasthan,Ajmer,49763,19,49297,447,0,0,-1,1,0,,2022-05-25T12:03:48.293498+05:30
482,RJ,Rajasthan,RJ_Rajasthan,Alwar,84619,53,84246,320,0,10,1,9,0,,2022-05-25T12:03:48.293498+05:30
483,RJ,Rajasthan,RJ_Rajasthan,Banswara,14765,0,14659,106,0,0,0,0,0,,2022-05-25T12:03:48.293498+05:30
484,RJ,Rajasthan,RJ_Rajasthan,Baran,15288,37,15187,64,0,7,7,0,0,,2022-05-25T12:03:48.293498+05:30
485,RJ,Rajasthan,RJ_Rajasthan,Barmer,21455,1,21249,205,0,1,1,0,0,,2022-05-25T12:03:48.293498+05:30
486,RJ,Rajasthan,RJ_Rajasthan,Bharatpur,31451,0,31179,272,0,0,0,0,0,,2022-05-25T12:03:48.293498+05:30
487,RJ,Rajasthan,RJ_Rajasthan,Bhilwara,38183,2,38019,162,0,1,1,0,0,,2022-05-25T12:03:48.293498+05:30
488,RJ,Rajasthan,RJ_Rajasthan,Bikaner,49935,13,49336,586,0,0,0,0,0,,2022-05-25T12:03:48.293498+05:30
489,RJ,Rajasthan,RJ_Rajasthan,Bundi,9715,0,9660,55,0,0,0,0,0,,2022-05-25T12:03:48.293498+05:30
490,RJ,Rajasthan,RJ_Rajasthan,Chittorgarh,29383,6,29237,140,0,0,0,0,0,,2022-05-25T12:03:48.293498+05:30
491,RJ,Rajasthan,RJ_Rajasthan,Churu,20836,5,20717,114,0,3,3,0,0,,2022-05-25T12:03:48.293498+05:30
492,RJ,Rajasthan,RJ_Rajasthan,Dausa,15813,16,15717,80,0,1,-3,4,0,,2022-05-25T12:03:48.293498+05:30
493,RJ,Rajasthan,RJ_Rajasthan,Dholpur,13944,13,13882,49,0,0,-5,5,0,,2022-05-25T12:03:48.293498+05:30
494,RJ,Rajasthan,RJ_Rajasthan,Dungarpur,25498,1,25363,134,0,0,0,0,0,,2022-05-25T12:03:48.293498+05:30
495,RJ,Rajasthan,RJ_Rajasthan,Ganganagar,28148,5,27985,158,0,0,0,0,0,,2022-05-25T12:03:48.293498+05:30
496,RJ,Rajasthan,RJ_Rajasthan,Hanumangarh,22518,0,22404,114,0,0,0,0,0,,2022-05-25T12:03:48.293498+05:30
497,RJ,Rajasthan,RJ_Rajasthan,Jaipur,275841,258,273471,2112,0,44,-13,57,0,,2022-05-25T12:03:48.293498+05:30
498,RJ,Rajasthan,RJ_Rajasthan,Jaisalmer,17036,0,16968,68,0,0,0,0,0,,2022-05-25T12:03:48.293498+05:30
499,RJ,Rajasthan,RJ_Rajasthan,Jalore,10546,0,10468,78,0,0,0,0,0,,2022-05-25T12:03:48.293498+05:30
500,RJ,Rajasthan,RJ_Rajasthan,Jhalawar,17727,12,17508,207,0,0,0,0,0,,2022-05-25T12:03:48.293498+05:30
501,RJ,Rajasthan,RJ_Rajasthan,Jhunjhunu,19158,0,18977,181,0,0,0,0,0,,2022-05-25T12:03:48.293498+05:30
502,RJ,Rajasthan,RJ_Rajasthan,Jodhpur,141117,8,139945,1164,0,1,-1,2,0,,2022-05-25T12:03:48.293498+05:30
503,RJ,Rajasthan,RJ_Rajasthan,Karauli,8968,0,8884,84,0,0,0,0,0,,2022-05-25T12:03:48.293498+05:30
504,RJ,Rajasthan,RJ_Rajasthan,Kota,70111,7,69627,477,0,0,-1,1,0,,2022-05-25T12:03:48.293498+05:30
505,RJ,Rajasthan,RJ_Rajasthan,Nagaur,23662,7,23455,200,0,2,-2,4,0,,2022-05-25T12:03:48.293498+05:30
506,RJ,Rajasthan,RJ_Rajasthan,Other state/,337,0,298,39,0,0,0,0,0,,2022-05-25T12:03:48.293498+05:30
507,RJ,Rajasthan,RJ_Rajasthan,Pali,35853,0,35555,298,0,0,0,0,0,,2022-05-25T12:03:48.293498+05:30
508,RJ,Rajasthan,RJ_Rajasthan,Pratapgarh,11874,0,11809,65,0,0,0,0,0,,2022-05-25T12:03:48.293498+05:30
509,RJ,Rajasthan,RJ_Rajasthan,Rajsamand,23031,2,22851,178,0,0,0,0,0,,2022-05-25T12:03:48.293498+05:30
510,RJ,Rajasthan,RJ_Rajasthan,Sawai Madhopur,15818,5,15747,66,0,1,-1,2,0,,2022-05-25T12:03:48.293498+05:30
511,RJ,Rajasthan,RJ_Rajasthan,Sikar,38082,6,37710,366,0,0,-3,3,0,,2022-05-25T12:03:48.293498+05:30
512,RJ,Rajasthan,RJ_Rajasthan,Sirohi,17214,2,17124,88,0,0,0,0,0,,2022-05-25T12:03:48.293498+05:30
513,RJ,Rajasthan,RJ_Rajasthan,Tonk,13302,1,13199,102,0,0,0,0,0,,2022-05-25T12:03:48.293498+05:30
514,RJ,Rajasthan,RJ_Rajasthan,Udaipur,74305,12,73518,775,0,0,0,0,0,,2022-05-25T12:03:48.293498+05:30
515,SK,Sikkim,SK_Sikkim,East Sikkim,0,0,0,0,0,0,0,0,0,,2022-05-25 11:55:23.457728
516,SK,Sikkim,SK_Sikkim,North Sikkim,0,0,0,0,0,0,0,0,0,,2022-05-25 11:55:23.457728
517,SK,Sikkim,SK_Sikkim,South Sikkim,0,0,0,0,0,0,0,0,0,,2022-05-25 11:55:23.457728
518,SK,Sikkim,SK_Sikkim,Unknown,39165,4,38709,452,0,0,0,0,0,,2022-05-25 11:55:23.457728
519,SK,Sikkim,SK_Sikkim,West Sikkim,0,0,0,0,0,0,0,0,0,,2022-05-25 11:55:23.457728
520,TN,Tamil Nadu,TN_Tamil Nadu,Ariyalur,19883,0,19616,267,0,0,0,0,0,,2022-05-24T23:55:58.819231+05:30
521,TN,Tamil Nadu,TN_Tamil Nadu,Chengalpattu,235801,71,233072,2658,0,19,14,5,0,,2022-05-24T23:55:58.819231+05:30
522,TN,Tamil Nadu,TN_Tamil Nadu,Chennai,752286,188,743030,9068,0,26,5,21,0,,2022-05-24T23:55:58.819231+05:30
523,TN,Tamil Nadu,TN_Tamil Nadu,Coimbatore,330035,22,327396,2617,0,3,2,1,0,,2022-05-24T23:55:58.819231+05:30
524,TN,Tamil Nadu,TN_Tamil Nadu,Cuddalore,74268,2,73371,895,0,-1,-1,0,0,,2022-05-24T23:55:58.819231+05:30
525,TN,Tamil Nadu,TN_Tamil Nadu,Dharmapuri,36192,1,35908,283,0,0,0,0,0,,2022-05-24T23:55:58.819231+05:30
526,TN,Tamil Nadu,TN_Tamil Nadu,Dindigul,37480,0,36815,665,0,0,-1,1,0,,2022-05-24T23:55:58.819231+05:30
527,TN,Tamil Nadu,TN_Tamil Nadu,Erode,132676,4,131938,734,0,0,0,0,0,,2022-05-24T23:55:58.819231+05:30
528,TN,Tamil Nadu,TN_Tamil Nadu,Kallakurichi,36522,1,36306,215,0,1,1,0,0,,2022-05-24T23:55:58.819231+05:30
529,TN,Tamil Nadu,TN_Tamil Nadu,Kancheepuram,94451,14,93135,1302,0,2,-1,3,0,,2022-05-24T23:55:58.819231+05:30
530,TN,Tamil Nadu,TN_Tamil Nadu,Kanyakumari,86236,2,85149,1085,0,1,1,0,0,,2022-05-24T23:55:58.819231+05:30
531,TN,Tamil Nadu,TN_Tamil Nadu,Karur,29758,1,29385,372,0,0,0,0,0,,2022-05-24T23:55:58.819231+05:30
532,TN,Tamil Nadu,TN_Tamil Nadu,Krishnagiri,59641,1,59270,370,0,0,-1,1,0,,2022-05-24T23:55:58.819231+05:30
533,TN,Tamil Nadu,TN_Tamil Nadu,Madurai,91052,2,89814,1236,0,1,1,0,0,,2022-05-24T23:55:58.819231+05:30
534,TN,Tamil Nadu,TN_Tamil Nadu,Mayiladuthurai,26498,1,26167,330,0,0,0,0,0,,2022-05-24T23:55:58.819231+05:30
535,TN,Tamil Nadu,TN_Tamil Nadu,Nagapattinam,25443,0,25068,375,0,0,0,0,0,,2022-05-24T23:55:58.819231+05:30
536,TN,Tamil Nadu,TN_Tamil Nadu,Namakkal,68010,0,67476,534,0,0,0,0,0,,2022-05-24T23:55:58.819231+05:30
537,TN,Tamil Nadu,TN_Tamil Nadu,Nilgiris,42134,1,41907,226,0,0,0,0,0,,2022-05-24T23:55:58.819231+05:30
538,TN,Tamil Nadu,TN_Tamil Nadu,Perambalur,14461,0,14212,249,0,0,0,0,0,,2022-05-24T23:55:58.819231+05:30
539,TN,Tamil Nadu,TN_Tamil Nadu,Pudukkottai,34472,0,34046,426,0,0,0,0,0,,2022-05-24T23:55:58.819231+05:30
540,TN,Tamil Nadu,TN_Tamil Nadu,Ramanathapuram,24682,1,24313,368,0,1,1,0,0,,2022-05-24T23:55:58.819231+05:30
541,TN,Tamil Nadu,TN_Tamil Nadu,Ranipet,53931,1,53143,787,0,0,0,0,0,,2022-05-24T23:55:58.819231+05:30
542,TN,Tamil Nadu,TN_Tamil Nadu,Salem,127397,5,125630,1762,0,1,1,0,0,,2022-05-24T23:55:58.819231+05:30
543,TN,Tamil Nadu,TN_Tamil Nadu,Sivaganga,23838,0,23619,219,0,0,0,0,0,,2022-05-24T23:55:58.819231+05:30
544,TN,Tamil Nadu,TN_Tamil Nadu,Tenkasi,32746,0,32256,490,0,0,0,0,0,,2022-05-24T23:55:58.819231+05:30
545,TN,Tamil Nadu,TN_Tamil Nadu,Thanjavur,92168,0,91129,1039,0,0,0,0,0,,2022-05-24T23:55:58.819231+05:30
546,TN,Tamil Nadu,TN_Tamil Nadu,Theni,50603,0,50070,533,0,0,0,0,0,,2022-05-24T23:55:58.819231+05:30
547,TN,Tamil Nadu,TN_Tamil Nadu,Thiruvallur,147525,10,145576,1939,0,4,2,2,0,,2022-05-24T23:55:58.819231+05:30
548,TN,Tamil Nadu,TN_Tamil Nadu,Thiruvarur,48017,0,47545,472,0,0,0,0,0,,2022-05-24T23:55:58.819231+05:30
549,TN,Tamil Nadu,TN_Tamil Nadu,Thoothukkudi,64970,2,64520,448,0,0,0,0,0,,2022-05-24T23:55:58.819231+05:30
550,TN,Tamil Nadu,TN_Tamil Nadu,Tiruchirappalli,94972,5,93806,1161,0,0,-2,2,0,,2022-05-24T23:55:58.819231+05:30
551,TN,Tamil Nadu,TN_Tamil Nadu,Tirunelveli,62775,1,62329,445,0,0,0,0,0,,2022-05-24T23:55:58.819231+05:30
552,TN,Tamil Nadu,TN_Tamil Nadu,Tirupathur,35738,0,35105,633,0,0,0,0,0,,2022-05-24T23:55:58.819231+05:30
553,TN,Tamil Nadu,TN_Tamil Nadu,Tiruppur,129940,2,128886,1052,0,0,0,0,0,,2022-05-24T23:55:58.819231+05:30
554,TN,Tamil Nadu,TN_Tamil Nadu,Tiruvannamalai,66814,1,66128,685,0,0,0,0,0,,2022-05-24T23:55:58.819231+05:30
555,TN,Tamil Nadu,TN_Tamil Nadu,Vellore,57323,5,56155,1163,0,0,0,0,0,,2022-05-24T23:55:58.819231+05:30
556,TN,Tamil Nadu,TN_Tamil Nadu,Viluppuram,54588,1,54221,366,0,0,0,0,0,,2022-05-24T23:55:58.819231+05:30
557,TN,Tamil Nadu,TN_Tamil Nadu,Virudhunagar,56840,1,56285,554,0,0,0,0,0,,2022-05-24T23:55:58.819231+05:30
558,TG,Telangana,TG_Telangana,Adilabad,0,0,0,0,0,0,0,0,0,,2022-05-25 11:55:23.457728
559,TG,Telangana,TG_Telangana,Bhadradri Kothagudem,0,0,0,0,0,0,0,0,0,,2022-05-25 11:55:23.457728
560,TG,Telangana,TG_Telangana,Foreign Evacuees,0,0,0,0,0,0,0,0,0,,2022-05-25 11:55:23.457728
561,TG,Telangana,TG_Telangana,Hyderabad,0,0,0,0,0,0,0,0,0,,2022-05-25 11:55:23.457728
562,TG,Telangana,TG_Telangana,Jagtial,0,0,0,0,0,0,0,0,0,,2022-05-25 11:55:23.457728
563,TG,Telangana,TG_Telangana,Jangaon,0,0,0,0,0,0,0,0,0,,2022-05-25 11:55:23.457728
564,TG,Telangana,TG_Telangana,Jayashankar Bhupalapally,0,0,0,0,0,0,0,0,0,,2022-05-25 11:55:23.457728
565,TG,Telangana,TG_Telangana,Jogulamba Gadwal,0,0,0,0,0,0,0,0,0,,2022-05-25 11:55:23.457728
566,TG,Telangana,TG_Telangana,Kamareddy,0,0,0,0,0,0,0,0,0,,2022-05-25 11:55:23.457728
567,TG,Telangana,TG_Telangana,Karimnagar,0,0,0,0,0,0,0,0,0,,2022-05-25 11:55:23.457728
568,TG,Telangana,TG_Telangana,Khammam,0,0,0,0,0,0,0,0,0,,2022-05-25 11:55:23.457728
569,TG,Telangana,TG_Telangana,Komaram Bheem,0,0,0,0,0,0,0,0,0,,2022-05-25 11:55:23.457728
570,TG,Telangana,TG_Telangana,Mahabubabad,0,0,0,0,0,0,0,0,0,,2022-05-25 11:55:23.457728
571,TG,Telangana,TG_Telangana,Mahabubnagar,0,0,0,0,0,0,0,0,0,,2022-05-25 11:55:23.457728
572,TG,Telangana,TG_Telangana,Mancherial,0,0,0,0,0,0,0,0,0,,2022-05-25 11:55:23.457728
573,TG,Telangana,TG_Telangana,Medak,0,0,0,0,0,0,0,0,0,,2022-05-25 11:55:23.457728
574,TG,Telangana,TG_Telangana,Medchal Malkajgiri,0,0,0,0,0,0,0,0,0,,2022-05-25 11:55:23.457728
575,TG,Telangana,TG_Telangana,Mulugu,0,0,0,0,0,0,0,0,0,,2022-05-25 11:55:23.457728
576,TG,Telangana,TG_Telangana,Nagarkurnool,0,0,0,0,0,0,0,0,0,,2022-05-25 11:55:23.457728
577,TG,Telangana,TG_Telangana,Nalgonda,0,0,0,0,0,0,0,0,0,,2022-05-25 11:55:23.457728
578,TG,Telangana,TG_Telangana,Narayanpet,0,0,0,0,0,0,0,0,0,,2022-05-25 11:55:23.457728
579,TG,Telangana,TG_Telangana,Nirmal,0,0,0,0,0,0,0,0,0,,2022-05-25 11:55:23.457728
580,TG,Telangana,TG_Telangana,Nizamabad,0,0,0,0,0,0,0,0,0,,2022-05-25 11:55:23.457728
581,TG,Telangana,TG_Telangana,Other State,0,0,0,0,0,0,0,0,0,,2022-05-25 11:55:23.457728
582,TG,Telangana,TG_Telangana,Peddapalli,0,0,0,0,0,0,0,0,0,,2022-05-25 11:55:23.457728
583,TG,Telangana,TG_Telangana,Rajanna Sircilla,0,0,0,0,0,0,0,0,0,,2022-05-25 11:55:23.457728
584,TG,Telangana,TG_Telangana,Ranga Reddy,0,0,0,0,0,0,0,0,0,,2022-05-25 11:55:23.457728
585,TG,Telangana,TG_Telangana,Sangareddy,0,0,0,0,0,0,0,0,0,,2022-05-25 11:55:23.457728
586,TG,Telangana,TG_Telangana,Siddipet,0,0,0,0,0,0,0,0,0,,2022-05-25 11:55:23.457728
587,TG,Telangana,TG_Telangana,Suryapet,0,0,0,0,0,0,0,0,0,,2022-05-25 11:55:23.457728
588,TG,Telangana,TG_Telangana,Unknown,792948,377,788460,4111,0,50,5,45,0,,2022-05-25 11:55:23.457728
589,TG,Telangana,TG_Telangana,Vikarabad,0,0,0,0,0,0,0,0,0,,2022-05-25 11:55:23.457728
590,TG,Telangana,TG_Telangana,Wanaparthy,0,0,0,0,0,0,0,0,0,,2022-05-25 11:55:23.457728
591,TG,Telangana,TG_Telangana,Warangal Rural,0,0,0,0,0,0,0,0,0,,2022-05-25 11:55:23.457728
592,TG,Telangana,TG_Telangana,Warangal Urban,0,0,0,0,0,0,0,0,0,,2022-05-25 11:55:23.457728
593,TG,Telangana,TG_Telangana,Yadadri Bhuvanagiri,0,0,0,0,0,0,0,0,0,,2022-05-25 11:55:23.457728
594,TR,Tripura,TR_Tripura,Dhalai,8454,2,8412,40,0,0,0,0,0,,2022-05-25 11:55:23.457728
595,TR,Tripura,TR_Tripura,Gomati,9382,4,9291,87,0,0,0,0,0,,2022-05-25 11:55:23.457728
596,TR,Tripura,TR_Tripura,Khowai,5141,0,5085,56,0,0,0,0,0,,2022-05-25 11:55:23.457728
597,TR,Tripura,TR_Tripura,North Tripura,8799,7,8754,38,0,0,0,0,0,,2022-05-25 11:55:23.457728
598,TR,Tripura,TR_Tripura,Sipahijala,7261,2,7172,87,0,0,0,0,0,,2022-05-25 11:55:23.457728
599,TR,Tripura,TR_Tripura,South Tripura,11851,3,11789,59,0,0,0,0,0,,2022-05-25 11:55:23.457728
600,TR,Tripura,TR_Tripura,Unknown,3,-65,65,3,0,0,0,0,0,,2022-05-25 11:55:23.457728
601,TR,Tripura,TR_Tripura,Unokoti,10058,4,9980,74,0,0,0,0,0,,2022-05-25 11:55:23.457728
602,TR,Tripura,TR_Tripura,West Tripura,39938,43,39416,479,0,0,0,0,0,,2022-05-25 11:55:23.457728
603,UT,Uttarakhand,UT_Uttarakhand,Almora,16777,1017,15560,200,1009,1,1,0,0,1009 cases were recorded as Migrated / Others,2022-05-24T23:56:01.021749+05:30
604,UT,Uttarakhand,UT_Uttarakhand,Bageshwar,7860,117,7682,61,112,1,1,0,0,112 cases were recorded as Migrated / Others,2022-05-24T23:56:01.021749+05:30
605,UT,Uttarakhand,UT_Uttarakhand,Chamoli,15457,318,15074,65,313,0,0,0,0,313 cases were recorded as Migrated / Others,2022-05-24T23:56:01.021749+05:30
606,UT,Uttarakhand,UT_Uttarakhand,Champawat,9593,212,9327,54,209,0,0,0,0,209 cases were recorded as Migrated / Others,2022-05-24T23:56:01.021749+05:30
607,UT,Uttarakhand,UT_Uttarakhand,Dehradun,146025,1151,141173,3701,970,9,2,7,0,970 cases were recorded as Migrated / Others,2022-05-24T23:56:01.021749+05:30
608,UT,Uttarakhand,UT_Uttarakhand,Haridwar,64746,1670,62027,1049,1632,3,3,0,0,1632 cases were recorded as Migrated / Others,2022-05-24T23:56:01.021749+05:30
609,UT,Uttarakhand,UT_Uttarakhand,Nainital,50773,263,49534,976,187,1,1,0,0,187 cases were recorded as Migrated / Others,2022-05-24T23:56:01.021749+05:30
610,UT,Uttarakhand,UT_Uttarakhand,Pauri Garhwal,23026,1683,21010,333,1675,1,1,0,0,1675 cases were recorded as Migrated / Others,2022-05-24T23:56:01.021749+05:30
611,UT,Uttarakhand,UT_Uttarakhand,Pithoragarh,12862,255,12421,186,243,0,0,0,0,243 cases were recorded as Migrated / Others,2022-05-24T23:56:01.021749+05:30
612,UT,Uttarakhand,UT_Uttarakhand,Rudraprayag,11510,288,11114,108,287,0,0,0,0,287 cases were recorded as Migrated / Others,2022-05-24T23:56:01.021749+05:30
613,UT,Uttarakhand,UT_Uttarakhand,Tehri Garhwal,18213,1244,16854,115,1232,3,2,1,0,1232 cases were recorded as Migrated / Others,2022-05-24T23:56:01.021749+05:30
614,UT,Uttarakhand,UT_Uttarakhand,Udham Singh Nagar,46774,1117,44891,766,1092,0,-1,1,0,1092 cases were recorded as Migrated / Others,2022-05-24T23:56:01.021749+05:30
615,UT,Uttarakhand,UT_Uttarakhand,Uttarkashi,14210,520,13611,79,515,0,0,0,0,515 cases were recorded as Migrated / Others,2022-05-24T23:56:01.021749+05:30
616,UP,Uttar Pradesh,UP_Uttar Pradesh,Agra,0,0,0,0,0,0,0,0,0,,2022-05-25 11:55:23.457728
617,UP,Uttar Pradesh,UP_Uttar Pradesh,Aligarh,0,0,0,0,0,0,0,0,0,,2022-05-25 11:55:23.457728
618,UP,Uttar Pradesh,UP_Uttar Pradesh,Ambedkar Nagar,0,0,0,0,0,0,0,0,0,,2022-05-25 11:55:23.457728
619,UP,Uttar Pradesh,UP_Uttar Pradesh,Amethi,0,0,0,0,0,0,0,0,0,,2022-05-25 11:55:23.457728
620,UP,Uttar Pradesh,UP_Uttar Pradesh,Amroha,0,0,0,0,0,0,0,0,0,,2022-05-25 11:55:23.457728
621,UP,Uttar Pradesh,UP_Uttar Pradesh,Auraiya,0,0,0,0,0,0,0,0,0,,2022-05-25 11:55:23.457728
622,UP,Uttar Pradesh,UP_Uttar Pradesh,Ayodhya,0,0,0,0,0,0,0,0,0,,2022-05-25 11:55:23.457728
623,UP,Uttar Pradesh,UP_Uttar Pradesh,Azamgarh,0,0,0,0,0,0,0,0,0,,2022-05-25 11:55:23.457728
624,UP,Uttar Pradesh,UP_Uttar Pradesh,Baghpat,0,0,0,0,0,0,0,0,0,,2022-05-25 11:55:23.457728
625,UP,Uttar Pradesh,UP_Uttar Pradesh,Bahraich,0,0,0,0,0,0,0,0,0,,2022-05-25 11:55:23.457728
626,UP,Uttar Pradesh,UP_Uttar Pradesh,Ballia,0,0,0,0,0,0,0,0,0,,2022-05-25 11:55:23.457728
627,UP,Uttar Pradesh,UP_Uttar Pradesh,Balrampur,0,0,0,0,0,0,0,0,0,,2022-05-25 11:55:23.457728
628,UP,Uttar Pradesh,UP_Uttar Pradesh,Banda,0,0,0,0,0,0,0,0,0,,2022-05-25 11:55:23.457728
629,UP,Uttar Pradesh,UP_Uttar Pradesh,Barabanki,0,0,0,0,0,0,0,0,0,,2022-05-25 11:55:23.457728
630,UP,Uttar Pradesh,UP_Uttar Pradesh,Bareilly,0,0,0,0,0,0,0,0,0,,2022-05-25 11:55:23.457728
631,UP,Uttar Pradesh,UP_Uttar Pradesh,Basti,0,0,0,0,0,0,0,0,0,,2022-05-25 11:55:23.457728
632,UP,Uttar Pradesh,UP_Uttar Pradesh,Bhadohi,0,0,0,0,0,0,0,0,0,,2022-05-25 11:55:23.457728
633,UP,Uttar Pradesh,UP_Uttar Pradesh,Bijnor,0,0,0,0,0,0,0,0,0,,2022-05-25 11:55:23.457728
634,UP,Uttar Pradesh,UP_Uttar Pradesh,Budaun,0,0,0,0,0,0,0,0,0,,2022-05-25 11:55:23.457728
635,UP,Uttar Pradesh,UP_Uttar Pradesh,Bulandshahr,0,0,0,0,0,0,0,0,0,,2022-05-25 11:55:23.457728
636,UP,Uttar Pradesh,UP_Uttar Pradesh,Chandauli,0,0,0,0,0,0,0,0,0,,2022-05-25 11:55:23.457728
637,UP,Uttar Pradesh,UP_Uttar Pradesh,Chitrakoot,0,0,0,0,0,0,0,0,0,,2022-05-25 11:55:23.457728
638,UP,Uttar Pradesh,UP_Uttar Pradesh,Deoria,0,0,0,0,0,0,0,0,0,,2022-05-25 11:55:23.457728
639,UP,Uttar Pradesh,UP_Uttar Pradesh,Etah,0,0,0,0,0,0,0,0,0,,2022-05-25 11:55:23.457728
640,UP,Uttar Pradesh,UP_Uttar Pradesh,Etawah,0,0,0,0,0,0,0,0,0,,2022-05-25 11:55:23.457728
641,UP,Uttar Pradesh,UP_Uttar Pradesh,Farrukhabad,0,0,0,0,0,0,0,0,0,,2022-05-25 11:55:23.457728
642,UP,Uttar Pradesh,UP_Uttar Pradesh,Fatehpur,0,0,0,0,0,0,0,0,0,,2022-05-25 11:55:23.457728
643,UP,Uttar Pradesh,UP_Uttar Pradesh,Firozabad,0,0,0,0,0,0,0,0,0,,2022-05-25 11:55:23.457728
644,UP,Uttar Pradesh,UP_Uttar Pradesh,Gautam Buddha Nagar,0,0,0,0,0,0,0,0,0,,2022-05-25 11:55:23.457728
645,UP,Uttar Pradesh,UP_Uttar Pradesh,Ghaziabad,0,0,0,0,0,0,0,0,0,,2022-05-25 11:55:23.457728
646,UP,Uttar Pradesh,UP_Uttar Pradesh,Ghazipur,0,0,0,0,0,0,0,0,0,,2022-05-25 11:55:23.457728
647,UP,Uttar Pradesh,UP_Uttar Pradesh,Gonda,0,0,0,0,0,0,0,0,0,,2022-05-25 11:55:23.457728
648,UP,Uttar Pradesh,UP_Uttar Pradesh,Gorakhpur,0,0,0,0,0,0,0,0,0,,2022-05-25 11:55:23.457728
649,UP,Uttar Pradesh,UP_Uttar Pradesh,Hamirpur,0,0,0,0,0,0,0,0,0,,2022-05-25 11:55:23.457728
650,UP,Uttar Pradesh,UP_Uttar Pradesh,Hapur,0,0,0,0,0,0,0,0,0,,2022-05-25 11:55:23.457728
651,UP,Uttar Pradesh,UP_Uttar Pradesh,Hardoi,0,0,0,0,0,0,0,0,0,,2022-05-25 11:55:23.457728
652,UP,Uttar Pradesh,UP_Uttar Pradesh,Hathras,0,0,0,0,0,0,0,0,0,,2022-05-25 11:55:23.457728
653,UP,Uttar Pradesh,UP_Uttar Pradesh,Jalaun,0,0,0,0,0,0,0,0,0,,2022-05-25 11:55:23.457728
654,UP,Uttar Pradesh,UP_Uttar Pradesh,Jaunpur,0,0,0,0,0,0,0,0,0,,2022-05-25 11:55:23.457728
655,UP,Uttar Pradesh,UP_Uttar Pradesh,Jhansi,0,0,0,0,0,0,0,0,0,,2022-05-25 11:55:23.457728
656,UP,Uttar Pradesh,UP_Uttar Pradesh,Kannauj,0,0,0,0,0,0,0,0,0,,2022-05-25 11:55:23.457728
657,UP,Uttar Pradesh,UP_Uttar Pradesh,Kanpur Dehat,0,0,0,0,0,0,0,0,0,,2022-05-25 11:55:23.457728
658,UP,Uttar Pradesh,UP_Uttar Pradesh,Kanpur Nagar,0,0,0,0,0,0,0,0,0,,2022-05-25 11:55:23.457728
659,UP,Uttar Pradesh,UP_Uttar Pradesh,Kasganj,0,0,0,0,0,0,0,0,0,,2022-05-25 11:55:23.457728
660,UP,Uttar Pradesh,UP_Uttar Pradesh,Kaushambi,0,0,0,0,0,0,0,0,0,,2022-05-25 11:55:23.457728
661,UP,Uttar Pradesh,UP_Uttar Pradesh,Kushinagar,0,0,0,0,0,0,0,0,0,,2022-05-25 11:55:23.457728
662,UP,Uttar Pradesh,UP_Uttar Pradesh,Lakhimpur Kheri,0,0,0,0,0,0,0,0,0,,2022-05-25 11:55:23.457728
663,UP,Uttar Pradesh,UP_Uttar Pradesh,Lalitpur,0,0,0,0,0,0,0,0,0,,2022-05-25 11:55:23.457728
664,UP,Uttar Pradesh,UP_Uttar Pradesh,Lucknow,0,0,0,0,0,0,0,0,0,,2022-05-25 11:55:23.457728
665,UP,Uttar Pradesh,UP_Uttar Pradesh,Maharajganj,0,0,0,0,0,0,0,0,0,,2022-05-25 11:55:23.457728
666,UP,Uttar Pradesh,UP_Uttar Pradesh,Mahoba,0,0,0,0,0,0,0,0,0,,2022-05-25 11:55:23.457728
667,UP,Uttar Pradesh,UP_Uttar Pradesh,Mainpuri,0,0,0,0,0,0,0,0,0,,2022-05-25 11:55:23.457728
668,UP,Uttar Pradesh,UP_Uttar Pradesh,Mathura,0,0,0,0,0,0,0,0,0,,2022-05-25 11:55:23.457728
669,UP,Uttar Pradesh,UP_Uttar Pradesh,Mau,0,0,0,0,0,0,0,0,0,,2022-05-25 11:55:23.457728
670,UP,Uttar Pradesh,UP_Uttar Pradesh,Meerut,0,0,0,0,0,0,0,0,0,,2022-05-25 11:55:23.457728
671,UP,Uttar Pradesh,UP_Uttar Pradesh,Mirzapur,0,0,0,0,0,0,0,0,0,,2022-05-25 11:55:23.457728
672,UP,Uttar Pradesh,UP_Uttar Pradesh,Moradabad,0,0,0,0,0,0,0,0,0,,2022-05-25 11:55:23.457728
673,UP,Uttar Pradesh,UP_Uttar Pradesh,Muzaffarnagar,0,0,0,0,0,0,0,0,0,,2022-05-25 11:55:23.457728
674,UP,Uttar Pradesh,UP_Uttar Pradesh,Pilibhit,0,0,0,0,0,0,0,0,0,,2022-05-25 11:55:23.457728
675,UP,Uttar Pradesh,UP_Uttar Pradesh,Pratapgarh,0,0,0,0,0,0,0,0,0,,2022-05-25 11:55:23.457728
676,UP,Uttar Pradesh,UP_Uttar Pradesh,Prayagraj,0,0,0,0,0,0,0,0,0,,2022-05-25 11:55:23.457728
677,UP,Uttar Pradesh,UP_Uttar Pradesh,Rae Bareli,0,0,0,0,0,0,0,0,0,,2022-05-25 11:55:23.457728
678,UP,Uttar Pradesh,UP_Uttar Pradesh,Rampur,0,0,0,0,0,0,0,0,0,,2022-05-25 11:55:23.457728
679,UP,Uttar Pradesh,UP_Uttar Pradesh,Saharanpur,0,0,0,0,0,0,0,0,0,,2022-05-25 11:55:23.457728
680,UP,Uttar Pradesh,UP_Uttar Pradesh,Sambhal,0,0,0,0,0,0,0,0,0,,2022-05-25 11:55:23.457728
681,UP,Uttar Pradesh,UP_Uttar Pradesh,Sant Kabir Nagar,0,0,0,0,0,0,0,0,0,,2022-05-25 11:55:23.457728
682,UP,Uttar Pradesh,UP_Uttar Pradesh,Shahjahanpur,0,0,0,0,0,0,0,0,0,,2022-05-25 11:55:23.457728
683,UP,Uttar Pradesh,UP_Uttar Pradesh,Shamli,0,0,0,0,0,0,0,0,0,,2022-05-25 11:55:23.457728
684,UP,Uttar Pradesh,UP_Uttar Pradesh,Shrawasti,0,0,0,0,0,0,0,0,0,,2022-05-25 11:55:23.457728
685,UP,Uttar Pradesh,UP_Uttar Pradesh,Siddharthnagar,0,0,0,0,0,0,0,0,0,,2022-05-25 11:55:23.457728
686,UP,Uttar Pradesh,UP_Uttar Pradesh,Sitapur,0,0,0,0,0,0,0,0,0,,2022-05-25 11:55:23.457728
687,UP,Uttar Pradesh,UP_Uttar Pradesh,Sonbhadra,0,0,0,0,0,0,0,0,0,,2022-05-25 11:55:23.457728
688,UP,Uttar Pradesh,UP_Uttar Pradesh,Sultanpur,0,0,0,0,0,0,0,0,0,,2022-05-25 11:55:23.457728
689,UP,Uttar Pradesh,UP_Uttar Pradesh,Unknown,2078888,885,2054484,23519,0,124,1,123,0,,2022-05-25 11:55:23.457728
690,UP,Uttar Pradesh,UP_Uttar Pradesh,Unnao,0,0,0,0,0,0,0,0,0,,2022-05-25 11:55:23.457728
691,UP,Uttar Pradesh,UP_Uttar Pradesh,Varanasi,0,0,0,0,0,0,0,0,0,,2022-05-25 11:55:23.457728
692,WB,West Bengal,WB_West Bengal,Alipurduar,18947,53,18784,110,0,0,0,0,0,,2022-05-25 11:55:23.457728
693,WB,West Bengal,WB_West Bengal,Bankura,43926,64,43576,286,0,0,0,0,0,,2022-05-25 11:55:23.457728
694,WB,West Bengal,WB_West Bengal,Birbhum,57741,64,57326,351,0,0,0,0,0,,2022-05-25 11:55:23.457728
695,WB,West Bengal,WB_West Bengal,Cooch Behar,33972,30,33836,106,0,0,0,0,0,,2022-05-25 11:55:23.457728
696,WB,West Bengal,WB_West Bengal,Dakshin Dinajpur,23105,36,22876,193,0,0,0,0,0,,2022-05-25 11:55:23.457728
697,WB,West Bengal,WB_West Bengal,Darjeeling,69057,67,68391,599,0,0,0,0,0,,2022-05-25 11:55:23.457728
698,WB,West Bengal,WB_West Bengal,Hooghly,107974,70,106785,1119,0,0,0,0,0,,2022-05-25 11:55:23.457728
699,WB,West Bengal,WB_West Bengal,Howrah,125066,84,123342,1640,0,0,0,0,0,,2022-05-25 11:55:23.457728
700,WB,West Bengal,WB_West Bengal,Jalpaiguri,49622,58,48916,648,0,0,0,0,0,,2022-05-25 11:55:23.457728
701,WB,West Bengal,WB_West Bengal,Jhargram,15553,16,15506,31,0,0,0,0,0,,2022-05-25 11:55:23.457728
702,WB,West Bengal,WB_West Bengal,Kalimpong,8518,11,8449,58,0,0,0,0,0,,2022-05-25 11:55:23.457728
703,WB,West Bengal,WB_West Bengal,Kolkata,447186,286,441244,5656,0,0,0,0,0,,2022-05-25 11:55:23.457728
704,WB,West Bengal,WB_West Bengal,Malda,44458,52,44207,199,0,0,0,0,0,,2022-05-25 11:55:23.457728
705,WB,West Bengal,WB_West Bengal,Murshidabad,41643,31,41256,356,0,0,0,0,0,,2022-05-25 11:55:23.457728
706,WB,West Bengal,WB_West Bengal,Nadia,87662,84,86634,944,0,0,0,0,0,,2022-05-25 11:55:23.457728
707,WB,West Bengal,WB_West Bengal,North 24 Parganas,403113,261,397514,5338,0,0,0,0,0,,2022-05-25 11:55:23.457728
708,WB,West Bengal,WB_West Bengal,Other State,66,0,63,3,0,0,0,0,0,,2022-05-25 11:55:23.457728
709,WB,West Bengal,WB_West Bengal,Paschim Bardhaman,75649,52,75165,432,0,0,0,0,0,,2022-05-25 11:55:23.457728
710,WB,West Bengal,WB_West Bengal,Paschim Medinipur,62578,56,61992,530,0,0,0,0,0,,2022-05-25 11:55:23.457728
711,WB,West Bengal,WB_West Bengal,Purba Bardhaman,55455,68,55149,238,0,0,0,0,0,,2022-05-25 11:55:23.457728
712,WB,West Bengal,WB_West Bengal,Purba Medinipur,67857,37,67379,441,0,0,0,0,0,,2022-05-25 11:55:23.457728
713,WB,West Bengal,WB_West Bengal,Purulia,24234,26,24085,123,0,0,0,0,0,,2022-05-25 11:55:23.457728
714,WB,West Bengal,WB_West Bengal,South 24 Parganas,127347,120,125716,1511,0,0,0,0,0,,2022-05-25 11:55:23.457728
715,WB,West Bengal,WB_West Bengal,Unknown,3287,-1293,4557,23,0,25,-17,42,0,,2022-05-25 11:55:23.457728
716,WB,West Bengal,WB_West Bengal,Uttar Dinajpur,25133,27,24838,268,0,0,0,0,0,,2022-05-25 11:55:23.457728
717,AN,Andaman and Nicobar Islands,AN_Andaman and Nicobar Islands,Nicobars,0,0,0,0,0,0,0,0,0,,2022-05-25 11:55:23.457728
718,AN,Andaman and Nicobar Islands,AN_Andaman and Nicobar Islands,North and Middle Andaman,0,0,0,0,0,0,0,0,0,,2022-05-25 11:55:23.457728
719,AN,Andaman and Nicobar Islands,AN_Andaman and Nicobar Islands,South Andaman,0,0,0,0,0,0,0,0,0,,2022-05-25 11:55:23.457728
720,AN,Andaman and Nicobar Islands,AN_Andaman and Nicobar Islands,Unknown,10041,2,9910,129,0,2,2,0,0,,2022-05-25 11:55:23.457728
721,CH,Chandigarh,CH_Chandigarh,Chandigarh,0,0,0,0,0,0,0,0,0,,2022-05-25 11:55:23.457728
722,CH,Chandigarh,CH_Chandigarh,Unknown,92323,80,91078,1165,0,13,5,8,0,,2022-05-25 11:55:23.457728
723,DN,Dadra and Nagar Haveli and Daman and Diu,DN_Dadra and Nagar Haveli and Daman and Diu,Dadra and Nagar Haveli,0,0,0,0,0,0,0,0,0,,2022-05-25 11:55:23.457728
724,DN,Dadra and Nagar Haveli and Daman and Diu,DN_Dadra and Nagar Haveli and Daman and Diu,Daman,0,0,0,0,0,0,0,0,0,,2022-05-25 11:55:23.457728
725,DN,Dadra and Nagar Haveli and Daman and Diu,DN_Dadra and Nagar Haveli and Daman and Diu,Diu,0,0,0,0,0,0,0,0,0,,2022-05-25 11:55:23.457728
726,DN,Dadra and Nagar Haveli and Daman and Diu,DN_Dadra and Nagar Haveli and Daman and Diu,Other State,0,0,0,0,0,0,0,0,0,,2022-05-25 11:55:23.457728
727,DN,Dadra and Nagar Haveli and Daman and Diu,DN_Dadra and Nagar Haveli and Daman and Diu,Unknown,11441,0,11437,4,0,0,0,0,0,,2022-05-25 11:55:23.457728
728,DL,Delhi,DL_Delhi,Central Delhi,0,0,0,0,0,0,0,0,0,,2022-05-25 11:55:23.457728
729,DL,Delhi,DL_Delhi,East Delhi,0,0,0,0,0,0,0,0,0,,2022-05-25 11:55:23.457728
730,DL,Delhi,DL_Delhi,New Delhi,0,0,0,0,0,0,0,0,0,,2022-05-25 11:55:23.457728
731,DL,Delhi,DL_Delhi,North Delhi,0,0,0,0,0,0,0,0,0,,2022-05-25 11:55:23.457728
732,DL,Delhi,DL_Delhi,North East Delhi,0,0,0,0,0,0,0,0,0,,2022-05-25 11:55:23.457728
733,DL,Delhi,DL_Delhi,North West Delhi,0,0,0,0,0,0,0,0,0,,2022-05-25 11:55:23.457728
734,DL,Delhi,DL_Delhi,Shahdara,0,0,0,0,0,0,0,0,0,,2022-05-25 11:55:23.457728
735,DL,Delhi,DL_Delhi,South Delhi,0,0,0,0,0,0,0,0,0,,2022-05-25 11:55:23.457728
736,DL,Delhi,DL_Delhi,South East Delhi,0,0,0,0,0,0,0,0,0,,2022-05-25 11:55:23.457728
737,DL,Delhi,DL_Delhi,South West Delhi,0,0,0,0,0,0,0,0,0,,2022-05-25 11:55:23.457728
738,DL,Delhi,DL_Delhi,Unknown,1904240,1841,1876196,26203,0,418,22,394,2,,2022-05-25 11:55:23.457728
739,DL,Delhi,DL_Delhi,West Delhi,0,0,0,0,0,0,0,0,0,,2022-05-25 11:55:23.457728
740,JK,Jammu and Kashmir,JK_Jammu and Kashmir,Anantnag,22435,0,22216,219,0,0,0,0,0,,2022-05-24 19:55:54.488220
741,JK,Jammu and Kashmir,JK_Jammu and Kashmir,Bandipora,13688,0,13569,119,0,0,0,0,0,,2022-05-24 19:55:54.488220
742,JK,Jammu and Kashmir,JK_Jammu and Kashmir,Baramulla,37668,3,37361,304,0,0,0,0,0,,2022-05-24 19:55:54.488220
743,JK,Jammu and Kashmir,JK_Jammu and Kashmir,Budgam,34850,0,34613,237,0,0,0,0,0,,2022-05-24 19:55:54.488220
744,JK,Jammu and Kashmir,JK_Jammu and Kashmir,Doda,11533,0,11389,144,0,0,0,0,0,,2022-05-24 19:55:54.488220
745,JK,Jammu and Kashmir,JK_Jammu and Kashmir,Ganderbal,13627,1,13542,84,0,0,0,0,0,,2022-05-24 19:55:54.488220
746,JK,Jammu and Kashmir,JK_Jammu and Kashmir,Jammu,76349,42,75083,1224,0,3,1,2,0,,2022-05-24 19:55:54.488220
747,JK,Jammu and Kashmir,JK_Jammu and Kashmir,Kathua,11413,0,11247,166,0,0,0,0,0,,2022-05-24 19:55:54.488220
748,JK,Jammu and Kashmir,JK_Jammu and Kashmir,Kishtwar,5895,0,5849,46,0,0,0,0,0,,2022-05-24 19:55:54.488220
749,JK,Jammu and Kashmir,JK_Jammu and Kashmir,Kulgam,16324,1,16204,119,0,0,0,0,0,,2022-05-24 19:55:54.488220
750,JK,Jammu and Kashmir,JK_Jammu and Kashmir,Kupwara,21759,0,21585,174,0,0,0,0,0,,2022-05-24 19:55:54.488220
751,JK,Jammu and Kashmir,JK_Jammu and Kashmir,Pulwama,18429,0,18228,201,0,0,0,0,0,,2022-05-24 19:55:54.488220
752,JK,Jammu and Kashmir,JK_Jammu and Kashmir,Punch,7741,0,7631,110,0,0,0,0,0,,2022-05-24 19:55:54.488220
753,JK,Jammu and Kashmir,JK_Jammu and Kashmir,Rajouri,12809,0,12560,249,0,0,0,0,0,,2022-05-24 19:55:54.488220
754,JK,Jammu and Kashmir,JK_Jammu and Kashmir,Ramban,8138,0,8069,69,0,0,0,0,0,,2022-05-24 19:55:54.488220
755,JK,Jammu and Kashmir,JK_Jammu and Kashmir,Reasi,8703,1,8654,48,0,0,0,0,0,,2022-05-24 19:55:54.488220
756,JK,Jammu and Kashmir,JK_Jammu and Kashmir,Samba,9089,0,8964,125,0,0,0,0,0,,2022-05-24 19:55:54.488220
757,JK,Jammu and Kashmir,JK_Jammu and Kashmir,Shopiyan,6307,0,6247,60,0,0,0,0,0,,2022-05-24 19:55:54.488220
758,JK,Jammu and Kashmir,JK_Jammu and Kashmir,Srinagar,102682,9,101766,907,0,0,-2,2,0,,2022-05-24 19:55:54.488220
759,JK,Jammu and Kashmir,JK_Jammu and Kashmir,Udhampur,14768,0,14621,147,0,0,0,0,0,,2022-05-24 19:55:54.488220
760,LA,Ladakh,LA_Ladakh,KARGIL,5281,0,5221,60,0,0,0,0,0,,2022-05-25T12:03:51.859091+05:30
761,LA,Ladakh,LA_Ladakh,LEH,22980,5,22807,168,0,0,0,0,0,,2022-05-25T12:03:51.859091+05:30
762,LD,Lakshadweep,LD_Lakshadweep,Lakshadweep,0,0,0,0,0,0,0,0,0,,2022-05-25 11:55:23.457728
763,LD,Lakshadweep,LD_Lakshadweep,Unknown,11402,0,11350,52,0,0,0,0,0,,2022-05-25 11:55:23.457728
764,PY,Puducherry,PY_Puducherry,Karaikal,23062,0,22798,264,0,0,0,0,0,,2022-05-24 22:56:17.013864
765,PY,Puducherry,PY_Puducherry,Mahe,6764,0,6709,55,0,0,0,0,0,,2022-05-24 22:56:17.013864
766,PY,Puducherry,PY_Puducherry,Puducherry,127472,18,125924,1530,0,5,5,0,0,,2022-05-24 22:56:17.013864
767,PY,Puducherry,PY_Puducherry,Yanam,8545,9,8423,113,0,2,0,2,0,,2022-05-24 22:56:17.013864
